Ticker,YTD_Change,YTD_Return,1M_Change,1M_Return,3M_Change,3M_Return,6M_Change,6M_Return,12M_Change,12M_Return,Name,Sector,Price,Price/Earnings,Dividend Yield,Earnings/Share,Market Cap,EBITDA,GIS Sector,Sub Industry,environmentScore,socialScore,governanceScore,totalEsg,highestControversy,percentile,ratingYear,ratingMonth,beta,overallRisk
CSCO,-23.060479198696136,0.7693952080130386,8.49520032909108,1.0849520032909108,10.167763655163142,1.1016776365516314,10.94749330403042,1.1094749330403042,-17.983120302610757,0.8201687969738924,Cisco Systems,Information Technology,38.77,17.87,2.8755577,1.91,199425716482.0,15447000000.0,Information Technology,Communications Equipment,0.45,6.9,6.51,13.87,2.0,8.46,2023.0,9.0,0.819,1
ISRG,-24.494442409939232,0.7550555759006077,2.5426365977710974,1.025426365977711,28.58089648636415,1.2858089648636415,38.591750653670246,1.3859175065367024,-21.20245418094635,0.7879754581905365,Intuitive Surgical Inc.,Health Care,381.87,48.58,0.0,5.67,44866621303.0,1153700000.0,Health Care,Health Care Equipment,3.65,9.58,7.84,21.07,1.0,32.14,2023.0,9.0,1.395,3
GILD,21.052629365957177,1.2105262936595718,7.38205932297189,1.073820593229719,34.961601643167704,1.349616016431677,50.47097367486471,1.504709736748647,25.06761652719083,1.2506761652719085,Gilead Sciences,Health Care,78.22,8.16,2.754954,9.95,108106822109.0,17590000000.0,Health Care,Biotechnology,1.0,14.34,7.62,22.97,2.0,39.94,2023.0,9.0,0.196,2
V,-3.639975534116213,0.963600244658838,4.082924447408542,1.0408292444740854,6.861319714467218,1.0686131971446722,8.773445724808827,1.0877344572480885,-0.0140575352178595,0.9998594246478214,Visa Inc.,Information Technology,113.86,32.72,0.70204765,2.8,270038723213.0,13086000000.0,Financials,Transaction & Payment Processing Services,1.81,8.22,6.65,16.68,3.0,16.22,2023.0,9.0,0.963,3
A,-0.6901852380768014,0.993098147619232,4.780524883421666,1.0478052488342169,16.369628358084974,1.1636962835808498,33.424909648632564,1.3342490964863256,-0.5503651866018311,0.9944963481339816,Agilent Technologies Inc,Health Care,65.05,27.45,0.8756979,2.1,21984606918.0,1094000000.0,Health Care,Life Sciences Tools & Services,1.12,6.42,6.1,13.64,2.0,7.98,2023.0,9.0,1.054,8
MCHP,-13.125003467906604,0.868749965320934,0.8176118979514424,1.0081761189795144,21.041794067348494,1.210417940673485,24.207957588746876,1.2420795758874688,-12.257546931985951,0.8774245306801405,Microchip Technology,Information Technology,79.9,21.77,1.7512966,0.66,19393095636.0,997492000.0,Information Technology,Semiconductors,15.25,9.16,7.4,31.82,1.0,75.0,2023.0,9.0,1.519,6
BBY,-19.867609239038153,0.8013239076096185,9.766862905670394,1.097668629056704,11.047899219521984,1.1104789921952198,14.034555755232958,1.1403455575523296,-21.17973426455745,0.7882026573544255,Best Buy Co. Inc.,Consumer Discretionary,68.79,19.22,1.9085041,3.81,20831186176.0,2555000000.0,Consumer Discretionary,Computer & Electronics Retail,2.4,9.09,4.4,15.89,2.0,13.69,2023.0,9.0,1.479,1
WBA,-23.275540839007625,0.7672445916099238,-1.3330083844756424,0.9866699161552436,17.184793084527385,1.1718479308452738,-0.049104979102521,0.9995089502089748,-17.757577607125953,0.8224242239287405,Walgreens Boots Alliance,Consumer Staples,68.22,13.38,2.2368238,3.78,70862541911.0,7083000000.0,Consumer Staples,Drug Retail,1.79,9.29,5.18,16.25,3.0,14.82,2023.0,9.0,0.683,7
AJG,15.409985092682676,1.1540998509268268,3.440856933593772,1.0344085693359375,4.106918693878692,1.041069186938787,25.957442812755737,1.2595744281275574,13.44338854507634,1.1344338854507634,Arthur J. Gallagher & Co.,Financials,64.4,21.05,2.4807138,2.54,11968488290.0,888000000.0,Financials,Insurance Brokers,0.09,10.92,10.15,21.16,2.0,32.55,2023.0,9.0,0.729,7
T,-0.0622146653223354,0.9993778533467766,0.7611572890857898,1.007611572890858,14.052286285437956,1.1405228628543795,-1.2602923482649795,0.9873970765173502,11.27048845004468,1.1127048845004468,AT&T Inc,Telecommunication Services,35.57,12.14,5.4156513,4.76,226713270000.0,49653000000.0,Communication Services,Integrated Telecommunication Services,3.26,13.94,6.72,23.91,3.0,44.13,2023.0,9.0,0.733,1
HUM,13.990760212553656,1.1399076021255363,0.3859720194248295,1.0038597201942483,13.299450691423951,1.1329945069142395,22.471263060156097,1.224712630601561,15.043692299385247,1.1504369229938525,Humana Inc.,Health Care,262.37,22.39,0.6040015,4.06,36973617235.0,0.0,Health Care,Managed Health Care,0.01,16.71,5.74,22.47,2.0,37.9,2023.0,9.0,0.509,1
CFG,-18.50834622236285,0.8149165377763715,-3.622144634777391,0.963778553652226,7.532213652128927,1.0753221365212893,10.34719525678305,1.1034719525678305,-15.516884219756813,0.8448311578024319,Citizens Financial Group,Financials,42.19,16.04,1.9625335,3.27,22008050974.0,0.0,Financials,Regional Banks,1.96,10.15,11.43,23.54,2.0,42.45,2023.0,9.0,1.328,9
ADM,35.749012359192214,1.357490123591922,-0.9777544167816844,0.9902224558321832,6.728436931854187,1.067284369318542,12.007784430471435,1.1200778443047144,45.24823097549775,1.4524823097549775,Archer-Daniels-Midland Co,Consumer Staples,41.35,17.45,3.1761081,2.17,23594770663.0,2927000000.0,Consumer Staples,Agricultural Products & Services,16.64,10.15,5.01,31.79,3.0,74.94,2023.0,9.0,0.714,4
LH,-23.4338324892163,0.765661675107837,-8.3002002022738,0.916997997977262,-0.0547213605953333,0.9994527863940468,4.267896271178828,1.0426789627117885,-20.834640216618816,0.7916535978338118,Laboratory Corp. of America Holding,Health Care,165.46,17.79,0.0,7.02,17271388000.0,1861200000.0,Health Care,Health Care Services,0.43,12.71,6.6,19.74,2.0,27.05,2023.0,9.0,1.041,4
LNT,-8.307313774749925,0.9169268622525008,3.4581825574188763,1.0345818255741888,-9.158254913208497,0.908417450867915,0.0986661084005025,1.000986661084005,-5.255563343149161,0.9474443665685084,Alliant Energy Corp,Utilities,37.14,19.86,3.5733333,1.65,8670163500.0,1168400000.0,Utilities,Electric Utilities,8.54,6.55,6.28,21.36,0.0,33.39,2023.0,9.0,0.57,2
BAC,-29.50411414023514,0.7049588585976486,-15.243425059869695,0.847565749401303,-4.249999102424173,0.9575000089757584,1.575666396682096,1.015756663966821,-26.87556161177298,0.7312443838822702,Bank of America Corp,Financials,29.74,16.34,1.536,1.55,321478200969.0,0.0,Financials,Diversified Banks,1.73,15.09,11.48,28.3,3.0,62.26,2023.0,9.0,1.34,2
GPN,-30.091743336609422,0.6990825666339058,-5.096761673511141,0.9490323832648886,-25.0510713997506,0.749489286002494,-12.219761720856091,0.8778023827914391,-21.255965695137867,0.7874403430486213,Global Payments Inc.,Information Technology,100.59,27.86,0.037622273,1.58,16920023264.0,960345000.0,Financials,Transaction & Payment Processing Services,3.65,10.68,6.54,20.87,1.0,31.22,2023.0,9.0,0.991,7
PPG,-23.282532121717548,0.7671746787828245,0.6072784742571224,1.0060727847425712,5.132948131331494,1.051329481313315,15.190989015135958,1.1519098901513596,-19.887366839344946,0.8011263316065506,PPG Industries,Materials,110.3,18.73,1.5771489,6.31,29043337549.0,2585000000.0,Materials,Specialty Chemicals,10.98,7.7,6.54,25.21,2.0,49.85,2023.0,9.0,1.25,6
ADI,-4.549815318257089,0.9545018468174292,3.0659507827314414,1.0306595078273144,14.057333111561965,1.1405733311156196,12.666574010463783,1.1266657401046378,-7.817694439554968,0.9218230556044504,"Analog Devices, Inc.",Information Technology,82.68,17.67,2.108963,2.11,31811578855.0,1663384000.0,Information Technology,Semiconductors,9.27,6.68,6.98,22.92,1.0,39.7,2023.0,9.0,1.073,9
ULTA,13.711492910901857,1.1371149291090186,9.208177806123196,1.092081778061232,9.261502421977074,1.0926150242197707,15.847743304731576,1.1584774330473158,16.456424204103005,1.16456424204103,Ulta Salon Cosmetics & Fragrance Inc,Consumer Discretionary,209.09,32.07,0.0,6.52,13300000127.0,1002093000.0,Consumer Discretionary,Other Specialty Retail,4.08,7.25,4.28,15.61,2.0,12.91,2023.0,9.0,1.312,3
ARE,-32.447801135840294,0.6755219886415971,-1.6425988857586835,0.9835740111424132,-3.402065877116367,0.9659793412288364,9.408387736263624,1.0940838773626362,-29.93300071275837,0.7006699928724163,Alexandria Real Estate Equities Inc,Real Estate,114.58,19.03,3.0262272,1.57,12043374429.0,0.0,Real Estate,Office REITs,3.91,3.66,6.32,13.89,0.0,8.53,2023.0,9.0,1.173,9
SYK,-7.551605140168571,0.9244839485983144,10.638013876933304,1.106380138769333,9.873804379154128,1.0987380437915413,22.537158968767777,1.2253715896876778,-4.631059855969221,0.9536894014403078,Stryker Corp.,Health Care,148.01,23.46,1.2234008,2.68,57509096756.0,2863000000.0,Health Care,Health Care Equipment,3.99,13.24,11.03,28.26,2.0,62.09,2023.0,9.0,0.919,5
CB,12.946616875276762,1.1294661687527676,4.831286658620271,1.0483128665862027,11.917706790358684,1.1191770679035868,8.503114927748157,1.0850311492774816,12.928920836156443,1.1292892083615644,Chubb Limited,Financials,140.39,17.5,1.9251627,8.2,68424670566.0,0.0,Financials,Property & Casualty Insurance,1.46,11.54,10.61,23.6,2.0,42.77,2023.0,9.0,0.674,8
TSN,-27.6651524896938,0.723348475103062,-5.785499375025749,0.9421450062497424,-13.27325493626388,0.8672674506373612,-24.49173955455076,0.7550826044544924,-24.49173955455076,0.7550826044544924,Tyson Foods,Consumer Staples,73.92,13.92,1.6353229,4.79,26957526800.0,2521000000.0,Consumer Staples,Packaged Foods & Meats,14.02,12.39,9.51,35.92,4.0,85.46,2023.0,9.0,0.777,10
REG,-14.16185761918598,0.8583814238081402,-0.7292667261609487,0.9927073327383904,9.3556424065115,1.093556424065115,12.152417130675786,1.121524171306758,-10.822984398111346,0.8917701560188865,Regency Centers Corporation,Real Estate,55.58,15.27,3.6850338,1.43,9858367494.0,487636000.0,Real Estate,Retail REITs,3.72,3.21,4.77,11.71,0.0,4.62,2023.0,9.0,1.218,1
LOW,-20.79370309039006,0.7920629690960994,-3.1767291426293864,0.968232708573706,4.518927738134182,1.0451892773813418,13.055142781474194,1.130551427814742,-22.57249938703312,0.7742750061296688,Lowe's Cos.,Consumer Discretionary,95.01,23.87,1.6413131,3.46,82909678852.0,7858000000.0,Consumer Discretionary,Home Improvement Retail,3.31,5.31,3.17,11.78,2.0,4.69,2023.0,9.0,1.09,4
MDLZ,1.7128956078650948,1.017128956078651,3.5493754846372516,1.0354937548463723,12.057443682729565,1.1205744368272956,13.65175717074556,1.1365175717074556,7.773852044762952,1.0777385204476295,Mondelez International,Consumer Staples,42.68,19.85,1.9977299,1.91,65827817742.0,4355000000.0,Consumer Staples,Packaged Foods & Meats,7.23,9.39,5.41,22.02,3.0,36.13,2023.0,9.0,0.548,5
FMC,14.0717201863664,1.140717201863664,0.0796483247235579,1.0007964832472356,13.875299706468123,1.1387529970646812,17.254570018559455,1.1725457001855946,16.1597519208907,1.161597519208907,FMC Corporation,Materials,80.87,32.48,0.785995,1.56,11273961835.0,557800000.0,Materials,Fertilizers & Agricultural Chemicals,14.35,8.92,7.46,30.73,1.0,71.55,2023.0,9.0,0.855,7
XEL,3.768026886371656,1.0376802688637166,4.459923294569146,1.0445992329456917,-6.10016211954899,0.93899837880451,7.061505897690101,1.070615058976901,5.999094475439848,1.0599909447543985,Xcel Energy Inc,Utilities,42.44,18.14,3.3914273,2.21,21559611927.0,3885828000.0,Utilities,Multi-Utilities,12.7,9.26,4.49,26.45,2.0,54.78,2023.0,9.0,0.397,2
FAST,-17.505644650299413,0.8249435534970059,-1.2934327776320864,0.9870656722236792,6.476469347573177,1.0647646934757318,3.063899292608574,1.0306389929260855,-20.23400579524538,0.7976599420475462,Fastenal Co,Industrials,52.15,27.02,2.7798648,2.01,15311373377.0,1009600000.0,Industrials,Trading Companies & Distributors,9.28,8.29,7.1,24.67,2.0,47.51,2023.0,9.0,0.996,3
TJX,3.706148655540176,1.0370614865554018,6.0216466256551415,1.0602164662565514,21.35997744270628,1.2135997744270628,35.95349127534468,1.3595349127534468,4.8440986947334785,1.0484409869473348,TJX Companies Inc.,Consumer Discretionary,74.36,21.01,1.64042,3.46,48181450881.0,4600216000.0,Consumer Discretionary,Apparel Retail,1.89,7.65,4.84,14.38,2.0,9.73,2023.0,9.0,0.889,7
MPC,65.51933329831976,1.6551933329831976,-10.352225277769932,0.8964777472223007,11.295441481763556,1.1129544148176356,9.888775155112372,1.0988877515511235,70.639036973695,1.70639036973695,Marathon Petroleum,Energy,62.79,16.06,2.8268552,6.85,31633740000.0,5978000000.0,Energy,Oil & Gas Refining & Marketing,17.09,8.15,5.25,30.49,3.0,70.7,2023.0,9.0,1.364,6
D,-25.2967454764798,0.747032545235202,-5.076226201526013,0.94923773798474,-28.830252553931533,0.7116974744606847,-21.834934660570894,0.7816506533942911,-22.946288198071784,0.7705371180192822,Dominion Energy,Utilities,73.31,20.42,4.5281997,4.91,47543571860.0,6428000000.0,Utilities,Multi-Utilities,11.94,8.84,5.62,26.4,2.0,54.6,2023.0,9.0,0.602,2
NOC,37.00097846544858,1.370009784654486,7.2011076759480375,1.0720110767594804,12.635122268805876,1.1263512226880588,15.20991526704294,1.1520991526704294,42.34352236313599,1.42343522363136,Northrop Grumman Corp.,Industrials,324.01,24.4,1.3030859,11.47,58782413951.0,3884000000.0,Industrials,Aerospace & Defense,7.79,14.37,5.37,27.53,2.0,59.19,2023.0,9.0,0.337,4
BXP,-44.693181812399075,0.5530681818760093,-12.80888868565231,0.8719111131434769,-21.515615571295164,0.7848438442870483,-27.928076461718288,0.7207192353828171,-41.86240142718491,0.5813759857281509,Boston Properties,Real Estate,112.09,18.05,2.7744062,2.93,17799878487.0,1546846000.0,Real Estate,Office REITs,2.54,4.52,5.45,12.51,1.0,5.77,2023.0,9.0,1.199,10
ALLE,-16.069494724830445,0.8393050527516955,-4.400367678103889,0.9559963232189612,13.226095346029542,1.1322609534602954,7.828482971197914,1.0782848297119791,-17.15816865654194,0.8284183134345806,Allegion,Industrials,77.32,21.07,0.8004002,2.37,7599609494.0,531800000.0,Industrials,Building Products,10.9,5.84,5.04,21.78,0.0,35.28,2023.0,9.0,1.123,6
ECL,-34.75612593935031,0.6524387406064969,-3.6806243558042406,0.9631937564419576,-9.831633074851464,0.9016836692514854,-0.059981566194156,0.9994001843380584,-35.36916490732296,0.6463083509267704,Ecolab Inc.,Materials,127.76,28.08,1.2319711,4.14,38460272282.0,2848600000.0,Materials,Specialty Chemicals,8.54,6.05,5.27,19.86,2.0,27.49,2023.0,9.0,1.136,4
EBAY,-35.074854864481175,0.6492514513551882,-6.751235224609076,0.9324876477539092,1.355452217686115,1.0135545221768612,-0.3217637210966129,0.996782362789034,-35.16220761306138,0.6483779238693862,eBay Inc.,Information Technology,41.02,24.86,0.0,-1.07,44216696399.0,2941000000.0,Consumer Discretionary,Broadline Retail,2.74,7.65,7.21,17.6,2.0,19.11,2023.0,9.0,1.312,5
SBUX,-12.610647634766725,0.8738935236523327,4.709282688818739,1.0470928268881874,16.081398972533158,1.1608139897253316,37.438864066591606,1.374388640665916,-12.648082177589782,0.8735191782241022,Starbucks Corp.,Consumer Discretionary,53.77,25.98,2.203452,1.97,76548976000.0,7361500000.0,Consumer Discretionary,Restaurants,5.79,14.62,4.27,24.67,3.0,47.54,2023.0,9.0,0.96,1
AMT,-25.228716659029637,0.7477128334097036,-4.089397943501183,0.9591060205649882,-15.905431105277312,0.8409456889472269,-11.29659888283413,0.8870340111716587,-21.440364262782797,0.785596357372172,American Tower Corp A,Real Estate,133.57,20.68,2.0,1.97,59213892640.0,3792383000.0,Real Estate,Telecom Tower REITs,2.9,2.85,5.16,10.9,1.0,3.52,2023.0,9.0,0.83,1
AMZN,-48.06181777707694,0.5193818222292306,-12.188712720030138,0.8781128727996986,-30.21211365211032,0.6978788634788968,-17.79975967442249,0.8220024032557751,-48.60695284441391,0.5139304715558609,Amazon.com Inc,Consumer Discretionary,1350.5,296.16,0.0,6.16,685873374731.0,16132000000.0,Consumer Discretionary,Broadline Retail,6.0,15.39,9.22,30.61,3.0,71.14,2023.0,9.0,1.146,9
BDX,1.2734447915116132,1.012734447915116,9.887114985669786,1.098871149856698,-2.5702960257384944,0.9742970397426152,5.654799514043729,1.0565479951404373,4.679959833449798,1.046799598334498,Becton Dickinson,Health Care,211.44,22.28,1.3518385,4.65,50910180308.0,1537000000.0,Health Care,Health Care Equipment,3.04,13.65,7.13,23.82,3.0,43.69,2023.0,9.0,0.447,10
EXR,-28.303610026464664,0.7169638997353533,-0.726336854654086,0.9927366314534593,-19.187664434045622,0.8081233556595437,-2.674927135739169,0.9732507286426084,-24.689766844160687,0.7531023315583931,Extra Space Storage,Real Estate,77.56,18.12,3.879632,2.92,10133547517.0,717468000.0,Real Estate,Self-Storage REITs,4.23,3.72,7.26,15.2,1.0,11.76,2023.0,9.0,0.871,8
GM,-36.87264535824231,0.6312735464175769,-6.091919548848956,0.9390808045115104,-4.724888128563864,0.9527511187143614,12.975428126662235,1.1297542812666224,-38.90997905748672,0.6109002094251328,General Motors,Consumer Discretionary,40.75,6.58,3.5857513,6.0,61536606173.0,23541000000.0,Consumer Discretionary,Automobile Manufacturers,9.83,11.48,7.19,28.5,4.0,63.16,2023.0,9.0,1.439,9
TMO,-12.180579724217466,0.8781942027578253,5.139414482627114,1.0513941448262711,1.169122722397753,1.0116912272239775,10.025056237808029,1.1002505623780805,-11.851180273288852,0.8814881972671115,Thermo Fisher Scientific,Health Care,198.73,21.84,0.3276319,5.6,83226586345.0,4751300000.0,Health Care,Life Sciences Tools & Services,1.44,4.89,6.47,12.81,3.0,6.31,2023.0,9.0,0.778,3
OXY,106.97039525901656,2.0697039525901655,-13.514056130089536,0.8648594386991046,-1.6146200411851883,0.983853799588148,6.644002926204462,1.0664400292620446,108.9210357677763,2.089210357677763,Occidental Petroleum,Energy,68.47,195.63,4.4081864,-0.75,53467692395.0,5205000000.0,Energy,Oil & Gas Exploration & Production,24.98,9.7,6.97,41.66,2.0,93.23,2023.0,9.0,1.605,2
CCI,-32.60903177205336,0.6739096822794663,-0.3360148914135163,0.9966398510858648,-17.22462185486531,0.8277537814513469,-12.637752824566109,0.8736224717543389,-27.54101949493655,0.7245898050506345,Crown Castle International Corp.,Real Estate,103.81,21.45,3.862069,1.02,44183023189.0,2292600000.0,Real Estate,Telecom Tower REITs,4.08,1.67,4.35,10.1,0.0,2.79,2023.0,9.0,0.861,4
MOS,17.118689482967554,1.1711868948296755,-10.835387614135604,0.891646123858644,-10.53031904819498,0.8946968095180502,-12.199218132940173,0.8780078186705983,28.116487600521257,1.2811648760052126,The Mosaic Company,Materials,24.13,23.66,0.3960396,0.85,9726962131.0,1165100000.0,Materials,Fertilizers & Agricultural Chemicals,13.87,11.05,8.6,33.52,2.0,79.8,2023.0,9.0,1.363,3
HSY,22.379740789345547,1.2237974078934557,8.027183900193236,1.0802718390019324,6.078919636631319,1.0607891963663132,14.675737230616036,1.1467573723061604,26.77599719024255,1.2677599719024255,The Hershey Company,Consumer Staples,97.65,20.51,2.6494346,3.66,20867272020.0,1404123000.0,Consumer Staples,Packaged Foods & Meats,10.52,10.4,5.14,26.05,3.0,53.34,2023.0,9.0,0.361,10
JNPR,-8.221157933210865,0.9177884206678912,6.403275786853224,1.0640327578685322,15.820837204869797,1.158208372048698,13.551431776148014,1.1355143177614802,-4.550002602969894,0.9544999739703012,Juniper Networks,Information Technology,24.66,14.09,1.5754234,0.78,9267350000.0,1115500000.0,Information Technology,Communications Equipment,1.82,7.2,5.8,14.82,1.0,10.73,2023.0,9.0,0.921,5
ES,-5.20587852870208,0.9479412147129792,8.195673999248875,1.0819567399924888,-5.745204775708224,0.9425479522429178,4.85231564143247,1.0485231564143247,-3.857532425578891,0.9614246757442112,Eversource Energy,Utilities,56.11,18.22,3.3397784,2.96,18027633617.0,2738713000.0,Utilities,Electric Utilities,4.67,8.56,5.39,18.62,2.0,22.76,2023.0,9.0,0.618,8
ADSK,-30.1635420354037,0.698364579645963,-13.40035107218668,0.8659964892781332,-4.89584195427345,0.9510415804572656,12.127209474040246,1.1212720947404025,-26.34200766184073,0.7365799233815927,Autodesk Inc,Information Technology,104.81,-77.07,0.0,-2.61,24348294504.0,-378100000.0,Information Technology,Application Software,3.68,8.19,4.89,16.76,0.0,16.44,2023.0,9.0,1.476,2
PCAR,14.590862955367625,1.1459086295536762,-1.1986000039106215,0.9880139999608938,17.813156246742047,1.1781315624674205,18.101340933875232,1.1810134093387523,13.742427736007537,1.1374242773600751,PACCAR Inc.,Industrials,66.98,15.72,1.455816,4.75,24152102921.0,3619200000.0,Industrials,Construction Machinery & Heavy Transportation Equipment,8.36,10.99,8.3,27.64,3.0,59.68,2023.0,9.0,0.901,5
WDC,-45.707571661977894,0.542924283380221,-9.949690141018086,0.9005030985898191,-8.964907307318493,0.9103509269268152,-28.33834309867817,0.7166165690132184,-38.14584615583385,0.6185415384416615,Western Digital,Information Technology,80.09,10.19,2.389201,1.29,24760297793.0,5169000000.0,Information Technology,"Technology Hardware, Storage & Peripherals",1.48,3.91,6.05,11.43,2.0,4.2,2023.0,9.0,1.38,8
NEE,-6.393192642620393,0.936068073573796,2.9888435555561976,1.029888435555562,-3.4436164051041884,0.965563835948958,15.64900960816238,1.1564900960816238,-4.962334723210493,0.9503766527678952,NextEra Energy,Utilities,145.29,21.65,2.6537917,11.39,69661177770.0,9018000000.0,Utilities,Multi-Utilities,9.38,8.3,5.6,23.27,2.0,41.38,2023.0,9.0,0.551,4
MSFT,-25.093353248693052,0.7490664675130695,1.4730279554278525,1.0147302795542783,-0.492085188353919,0.9950791481164608,-0.4011735497589042,0.995988264502411,-26.79687226459686,0.7320312773540314,Microsoft Corp.,Information Technology,85.01,25.76,1.8747908,2.97,689978437468.0,41079000000.0,Information Technology,Systems Software,1.46,7.53,6.07,15.06,3.0,11.36,2023.0,9.0,0.896,1
CTAS,7.468937863205349,1.0746893786320535,2.6821587189134632,1.0268215871891346,11.532155029052335,1.1153215502905234,28.442402026868095,1.284424020268681,-0.5856685542809603,0.9941433144571904,Cintas Corporation,Industrials,149.32,32.75,1.0344827,4.38,16676145923.0,1097295000.0,Industrials,Diversified Support Services,3.03,9.17,5.88,18.08,2.0,20.74,2023.0,9.0,1.312,8
UDR,-33.47245833223478,0.6652754166776522,-0.6482227182100009,0.9935177728179,-13.688542225403754,0.8631145777459625,-7.19608814953685,0.9280391185046316,-31.74032589066612,0.6825967410933388,UDR Inc,Real Estate,32.92,17.79,3.668639,1.08,9050154422.0,665141000.0,Real Estate,Multi-Family Residential REITs,3.72,3.91,6.29,13.92,1.0,8.57,2023.0,9.0,0.841,9
WEC,0.530754662990196,1.005307546629902,3.703700366857987,1.03703700366858,-6.936420391092446,0.9306357960890757,5.1371368761415015,1.051371368761415,3.3376069802591557,1.0333760698025916,Wec Energy Group Inc,Utilities,59.5,19.57,3.691948,3.79,18890296993.0,2736500000.0,Utilities,Electric Utilities,13.36,8.96,5.13,27.46,1.0,58.73,2023.0,9.0,0.435,4
AME,-2.2482047530485993,0.977517952469514,1.1451179459835537,1.0114511794598355,13.947263644143003,1.13947263644143,25.08016028523661,1.250801602852366,-1.61821194997811,0.9838178805002188,AMETEK Inc,Industrials,72.05,27.61,0.75512403,2.94,17139651923.0,1025763000.0,Industrials,Electrical Components & Equipment,8.65,8.51,6.73,23.9,1.0,44.04,2023.0,9.0,1.173,8
ACN,-28.459513902581612,0.7154048609741839,0.424010135425501,1.004240101354255,3.4811092259849907,1.03481109225985,3.6025480261956844,1.0360254802619568,-23.223696645109293,0.7677630335489071,Accenture plc,Information Technology,150.51,25.47,1.7144699,5.44,98765855553.0,5643228000.0,Information Technology,IT Consulting & Other Services,0.82,4.61,4.41,9.84,2.0,2.63,2023.0,9.0,1.239,2
VRSN,-22.184763713920617,0.7781523628607938,1.969953374996858,1.0196995337499686,9.751044853583911,1.0975104485358391,19.709535532456112,1.1970953553245611,-19.828363251971627,0.8017163674802837,Verisign Inc.,Information Technology,105.62,29.5,0.0,3.43,10754983829.0,767864000.0,Information Technology,Internet Services & Infrastructure,4.74,10.77,5.79,21.3,1.0,33.12,2023.0,9.0,0.903,4
EW,-41.19136619311393,0.5880863380688607,1.1051532905276495,1.0110515329052765,-19.945906394416724,0.8005409360558328,-14.986483992021016,0.8501351600797898,-38.05400464326067,0.6194599535673933,Edwards Lifesciences,Health Care,123.78,32.57,0.0,2.88,27447099863.0,1156700000.0,Health Care,Health Care Equipment,2.86,8.08,7.63,18.57,1.0,22.56,2023.0,9.0,1.132,3
CMG,-8.911853882127819,0.9108814611787218,2.233878246054566,1.0223387824605457,-9.46821705559866,0.9053178294440134,21.62759512447621,1.216275951244762,-10.537935508384122,0.8946206449161588,Chipotle Mexican Grill,Consumer Discretionary,266.01,45.86,0.0,0.8,7685283970.0,401293000.0,Consumer Discretionary,Restaurants,6.79,9.59,4.27,20.66,2.0,30.44,2023.0,9.0,1.256,3
AWK,-14.904416289996211,0.8509558371000379,7.369470126691646,1.0736947012669165,2.99395816540291,1.029939581654029,16.053179059318623,1.1605317905931862,-11.039509556494554,0.8896049044350545,American Water Works Company Inc,Utilities,76.06,26.23,2.129297,2.63,13906146184.0,1711000000.0,Utilities,Water Utilities,9.04,7.58,5.0,21.62,1.0,34.43,2023.0,9.0,0.691,2
COO,-25.323769711289668,0.7467623028871033,-2.9245854880789346,0.9707541451192108,3.0320332194870625,1.0303203321948706,-0.1601461561099859,0.9983985384389,-21.208518435610145,0.7879148156438985,The Cooper Companies,Health Care,223.17,22.96,0.026033757,7.52,11297958140.0,615700000.0,Health Care,Health Care Supplies,2.7,8.8,5.96,17.47,2.0,18.56,2023.0,9.0,0.981,7
SHW,-26.32991111458275,0.7367008888541725,5.306860582690964,1.0530686058269096,8.217101780537961,1.0821710178053796,9.100832279997784,1.0910083227999778,-27.89066328212747,0.7210933671787253,Sherwin-Williams,Materials,387.65,26.75,0.8426688,18.61,37730994828.0,2160668000.0,Materials,Specialty Chemicals,14.31,9.2,5.85,29.35,2.0,66.41,2023.0,9.0,1.168,8
AMAT,-32.720563120231205,0.672794368797688,-2.650864324197022,0.9734913567580298,19.039715898530662,1.1903971589853066,10.449600181188323,1.1044960018118832,-29.548876131658584,0.7045112386834141,Applied Materials Inc,Information Technology,45.75,14.08,0.8215239,3.17,51296481503.0,4336000000.0,Information Technology,Semiconductor Materials & Equipment,4.49,2.97,5.28,12.74,1.0,6.15,2023.0,9.0,1.541,1
MLM,-19.562197437972173,0.8043780256202783,-2.501448824518404,0.974985511754816,3.98409850887127,1.0398409850887127,10.89024692931555,1.1089024692931555,-19.62810187149291,0.8037189812850709,Martin Marietta Materials,Materials,208.42,30.38,0.8042038,6.63,13756812736.0,975223000.0,Materials,Construction Materials,16.68,4.77,8.67,30.12,2.0,69.4,2023.0,9.0,0.908,8
AVY,-16.31326777094141,0.8368673222905859,-4.030900064353693,0.9596909993564632,-4.467428430065013,0.95532571569935,9.509616067665297,1.095096160676653,-17.0295846693056,0.829704153306944,Avery Dennison Corp,Materials,110.77,22.11,1.5682175,3.11,10104814319.0,831200000.0,Materials,Paper & Plastic Packaging Products & Materials,11.42,0.95,3.71,16.07,1.0,14.23,2023.0,9.0,0.895,7
EA,-8.291956328315763,0.9170804367168424,-5.692291270677052,0.9430770872932296,-3.0017981907588975,0.969982018092411,-4.254984221212066,0.9574501577878792,-1.496336566818579,0.9850366343318142,Electronic Arts,Information Technology,116.54,34.48,0.0,3.07,37890226992.0,1560000000.0,Communication Services,Interactive Home Entertainment,0.13,8.42,4.73,13.29,2.0,7.3,2023.0,9.0,0.791,2
SPG,-27.217719308916788,0.7278228069108321,-2.9367711055906964,0.970632288944093,16.193600153180565,1.1619360015318057,19.661536583533668,1.196615365835337,-23.454927456680576,0.7654507254331943,Simon Property Group Inc,Real Estate,152.18,13.56,5.0368075,6.25,48139839531.0,4411515000.0,Real Estate,Retail REITs,3.83,3.99,6.15,13.98,1.0,8.73,2023.0,9.0,1.769,10
URI,7.772798376137069,1.0777279837613707,2.012538670072739,1.0201253867007274,20.928489530639105,1.209284895306391,33.98255669521559,1.339825566952156,2.4524880938363136,1.0245248809383631,"United Rentals, Inc.",Industrials,161.99,16.33,0.0,15.72,14654954091.0,2760000000.0,Industrials,Trading Companies & Distributors,5.32,6.13,5.42,16.86,1.0,16.73,2023.0,9.0,1.681,1
BIIB,17.19915032282271,1.171991503228227,-1.1470054186227152,0.9885299458137728,40.32171043307245,1.4032171043307244,45.05222186493414,1.4505222186493414,23.00318583476375,1.2300318583476375,Biogen Inc.,Health Care,311.79,14.3,0.0,11.94,69157726427.0,6511400000.0,Health Care,Biotechnology,0.42,14.46,7.37,22.24,3.0,37.02,2023.0,9.0,-0.057,3
CHRW,-11.019461743748638,0.8898053825625136,-2.2898432231667765,0.9771015677683322,-12.765760252614344,0.8723423974738566,-6.912931254228372,0.9308706874577164,-8.29989977584007,0.9170010022415992,C. H. Robinson Worldwide,Industrials,90.47,26.0,1.987685,3.57,12932483889.0,868096000.0,Industrials,Air Freight & Logistics,4.73,9.29,5.3,19.32,1.0,25.57,2023.0,9.0,0.825,9
ROP,-8.848979655826072,0.9115102034417392,-1.2364228239969188,0.9876357717600308,9.557908679874805,1.095579086798748,12.653848505566945,1.1265384850556694,-8.550549161037369,0.9144945083896264,Roper Technologies,Industrials,259.4,27.57,0.61985797,9.38,27247789759.0,1555209000.0,Information Technology,Electronic Equipment & Instruments,4.67,9.67,6.09,20.44,0.0,29.61,2023.0,9.0,1.022,8
IDXX,-33.23243830710702,0.6676756169289298,-4.523305901607488,0.9547669409839252,20.226580590774624,1.2022658059077462,26.163380990127894,1.261633809901279,-30.694196308894306,0.6930580369110569,IDEXX Laboratories,Health Care,169.28,53.57,0.0,2.94,15422885020.0,478307000.0,Health Care,Health Care Equipment,2.62,7.1,8.94,18.66,1.0,22.9,2023.0,9.0,1.332,6
HES,74.07214035065408,1.7407214035065408,-8.181071240767611,0.918189287592324,8.059823336030236,1.0805982333603024,14.091835089431148,1.1409183508943117,68.86052549910077,1.6886052549910078,Hess Corporation,Energy,43.0,-9.33,2.2670596,-19.94,14016129999.0,-819000000.0,Energy,Integrated Oil & Gas,18.93,7.2,6.98,33.11,2.0,78.79,2023.0,9.0,1.164,9
HD,-20.76889746291275,0.7923110253708725,2.8037043575969367,1.0280370435759694,16.493360754830523,1.1649336075483052,15.743744431303153,1.1574374443130315,-22.05825860114149,0.7794174139885851,Home Depot,Consumer Discretionary,181.22,28.1,1.8610487,6.46,223378633329.0,16513000000.0,Consumer Discretionary,Home Improvement Retail,3.32,5.56,3.76,12.64,2.0,5.97,2023.0,9.0,1.003,2
ALB,10.013942253603304,1.100139422536033,-19.97971872581375,0.8002028127418624,-12.653897039183692,0.8734610296081631,21.05727771088086,1.2105727771088086,-0.9510404559050168,0.9904895954409498,Albemarle Corp,Materials,105.18,26.03,1.2004126,5.66,11782151266.0,686030000.0,Materials,Specialty Chemicals,15.39,4.85,6.33,26.57,2.0,55.2,2023.0,9.0,1.543,7
DG,4.276374854308318,1.0427637485430832,-1.4409554253373646,0.9855904457466264,2.1720139728425014,1.021720139728425,5.726589042737484,1.0572658904273748,10.409177064118325,1.1040917706411832,Dollar General,Consumer Discretionary,95.1,21.18,1.0625255,4.43,26580644874.0,2457604000.0,Consumer Staples,Consumer Staples Merchandise Retail,3.5,8.56,5.53,17.59,2.0,19.04,2023.0,9.0,0.444,9
CAG,12.16970138179172,1.1216970138179172,10.546875905452469,1.105468759054525,13.536404453571006,1.13536404453571,19.46529824241221,1.194652982424122,19.092891678300216,1.1909289167830022,Conagra Brands,Consumer Staples,35.49,18.2,2.3683476,1.46,14379717835.0,1281200000.0,Consumer Staples,Packaged Foods & Meats,10.71,15.42,4.7,30.83,2.0,71.86,2023.0,9.0,0.309,6
SCHW,-6.640624478737378,0.9335937552126262,2.1758573478487753,1.0217585734784878,9.75326359261144,1.0975326359261144,30.16583421589425,1.3016583421589425,-0.921909590019876,0.9907809040998012,Charles Schwab Corporation,Financials,48.9,29.82,0.76878726,1.61,69750188843.0,0.0,Financials,Investment Banking & Brokerage,2.39,8.95,11.94,23.28,2.0,41.39,2023.0,9.0,0.964,10
HPE,0.3407701812619512,1.0034077018126195,5.918899510981501,1.059188995109815,22.875563883442783,1.2287556388344278,15.103056475414832,1.1510305647541483,6.476000356389533,1.064760003563895,Hewlett Packard Enterprise,Information Technology,15.04,11.57,1.9280206,0.21,24800859640.0,3683000000.0,Information Technology,"Technology Hardware, Storage & Peripherals",0.95,4.14,5.6,10.69,2.0,3.28,2023.0,9.0,1.203,2
DFS,-11.758257771416812,0.8824174222858319,-3.7598790069751753,0.9624012099302482,6.2734749478833285,1.0627347494788333,10.572456806047615,1.105724568060476,-10.34511822295018,0.8965488177704982,Discover Financial Services,Financials,72.4,12.13,1.8269607,5.41,27433540000.0,0.0,Financials,Consumer Finance,0.13,11.87,10.51,22.5,2.0,38.02,2023.0,9.0,1.41,7
HRL,-4.864643471785957,0.9513535652821404,-1.3924046965521075,0.9860759530344788,1.2345755514993284,1.0123457555149933,4.121190273940978,1.0412119027394098,1.608699301014771,1.0160869930101477,Hormel Foods Corp.,Consumer Staples,32.21,20.39,2.2907758,1.57,17338613096.0,1422305000.0,Consumer Staples,Packaged Foods & Meats,13.31,10.68,6.0,30.0,3.0,68.87,2023.0,9.0,0.248,8
SO,2.86783318698296,1.0286783318698296,7.735449293885366,1.0773544929388537,-10.360479367428333,0.8963952063257167,5.34024383577123,1.0534024383577123,7.751994509837212,1.077519945098372,Southern Co.,Utilities,43.4,15.78,5.3530226,2.53,43497224128.0,6012000000.0,Utilities,Electric Utilities,14.68,11.0,7.3,32.98,2.0,78.44,2023.0,9.0,0.509,1
ZBH,-0.1427245038554181,0.9985727549614458,8.333337734737878,1.0833333773473788,7.551547079295418,1.0755154707929542,17.03281388499862,1.1703281388499862,3.579167544086892,1.035791675440869,Zimmer Biomet Holdings,Health Care,115.53,14.32,0.7948336,9.01,24454698119.0,2007400000.0,Health Care,Health Care Equipment,3.6,14.52,7.89,26.02,2.0,53.22,2023.0,9.0,1.026,2
AMP,5.99486940410785,1.0599486940410785,-2.6150512037514617,0.9738494879624854,16.12415331357799,1.16124153313578,30.84226127482332,1.3084226127482332,8.290521689604645,1.0829052168960465,Ameriprise Financial,Financials,152.5,12.41,2.0735743,9.44,23472126000.0,0.0,Financials,Asset Management & Custody Banks,2.08,7.83,10.34,20.27,2.0,28.96,2023.0,9.0,1.346,5
PNW,11.634908497007102,1.116349084970071,8.752099840702844,1.0875209984070284,3.783141040136395,1.037831410401364,13.970162326639413,1.139701623266394,17.546778963498166,1.1754677896349817,Pinnacle West Capital,Utilities,74.34,16.06,3.698776,3.95,8397609889.0,1614399000.0,Utilities,Multi-Utilities,14.72,10.23,5.84,30.79,1.0,71.78,2023.0,9.0,0.516,5
ICE,-22.474801353800345,0.7752519864619966,-0.4553282932425628,0.9954467170675744,3.990587408366664,1.0399058740836666,8.590404897236947,1.0859040489723697,-23.38423611879611,0.7661576388120389,Intercontinental Exchange,Financials,67.0,22.95,5.4298644,2.37,41373051167.0,3103000000.0,Financials,Financial Exchanges & Data,1.7,9.25,8.82,19.78,1.0,27.21,2023.0,9.0,1.091,4
BEN,-20.038909683930463,0.7996109031606954,-2.2502735925173267,0.9774972640748268,8.42126953871265,1.0842126953871265,12.342301855317594,1.123423018553176,-21.541848014167144,0.7845815198583286,Franklin Resources,Financials,38.0,12.67,2.332657,3.0,21759187973.0,2711300000.0,Financials,Asset Management & Custody Banks,1.12,9.88,7.3,18.3,2.0,21.58,2023.0,9.0,1.408,7
EMN,-28.441857960096407,0.7155814203990359,-4.341261146022212,0.956587388539778,1.777437564776374,1.0177743756477635,-9.93687468866371,0.9006312531133629,-27.020459394906418,0.7297954060509358,Eastman Chemical,Materials,93.57,12.28,2.2630835,10.12,14226830813.0,2152000000.0,Materials,Specialty Chemicals,12.84,5.85,6.59,25.27,2.0,50.1,2023.0,9.0,1.45,7
ROK,-23.688391505500594,0.763116084944994,-5.238908579028678,0.9476109142097132,4.680752622313578,1.0468075262231358,26.033262467935113,1.2603326246793511,-26.078028354261505,0.7392197164573849,Rockwell Automation Inc.,Industrials,178.73,26.48,1.7692552,6.35,24123216432.0,1323200000.0,Industrials,Electrical Components & Equipment,5.37,6.64,5.65,17.67,2.0,19.34,2023.0,9.0,1.363,9
FIS,-37.85124408777179,0.621487559122282,8.218654242497392,1.082186542424974,-20.73580378520157,0.7926419621479843,-25.866763778221248,0.7413323622177875,-32.27272581255607,0.6772727418744393,Fidelity National Information Services,Information Technology,92.74,22.08,1.322724,1.72,32308459680.0,2782000000.0,Financials,Transaction & Payment Processing Services,4.09,8.17,5.21,17.48,1.0,18.61,2023.0,9.0,1.086,6
RF,-1.7865050078628597,0.9821349499213714,-4.891074178670884,0.9510892582132912,2.6983352224999813,1.0269833522249998,14.886482733819271,1.1488648273381927,0.1574442111238694,1.0015744421112387,Regions Financial Corp.,Financials,17.9,17.9,1.8987342,1.0,21500640000.0,0.0,Financials,Regional Banks,1.82,6.67,8.36,16.85,2.0,16.67,2023.0,9.0,1.188,7
MAR,-1.1134140122431524,0.9888658598775684,-1.034920062317124,0.9896507993768288,2.6634163294939617,1.0266341632949396,4.706074624348444,1.0470607462434844,0.7928668457375387,1.0079286684573754,Marriott Int'l.,Consumer Discretionary,133.88,32.73,0.9452879,2.67,50910130358.0,2620000000.0,Consumer Discretionary,"Hotels, Resorts & Cruise Lines",8.55,9.16,3.72,21.43,3.0,33.65,2023.0,9.0,1.591,7
XYL,-4.84130089107725,0.9515869910892276,0.0278829678290737,1.0002788296782907,18.684380451166515,1.1868438045116652,45.4951043136369,1.454951043136369,-9.421009736672804,0.905789902633272,Xylem Inc.,Industrials,70.24,30.94,1.1700794,1.83,12915021000.0,722000000.0,Industrials,Industrial Machinery & Supplies & Components,4.27,8.66,5.19,18.13,1.0,20.92,2023.0,9.0,1.037,3
CMI,9.083042204839089,1.0908304220483909,-3.505660237914632,0.9649433976208536,12.596393392659987,1.1259639339266,20.240006435721327,1.2024000643572132,9.798255166964465,1.0979825516696446,Cummins Inc.,Industrials,165.73,16.83,2.5008683,8.23,28669230787.0,2924000000.0,Industrials,Construction Machinery & Heavy Transportation Equipment,5.62,7.74,5.94,19.3,2.0,25.47,2023.0,9.0,0.975,6
PLD,-29.30260391383791,0.7069739608616209,0.3875007218459902,1.00387500721846,-6.795650684016563,0.9320434931598344,1.2946437923149867,1.01294643792315,-26.71611736913081,0.7328388263086919,Prologis,Real Estate,58.33,20.76,2.931379,3.06,31953288000.0,2969194000.0,Real Estate,Industrial REITs,2.74,2.5,5.03,10.27,1.0,2.96,2023.0,9.0,1.083,8
BSX,8.48794048718251,1.084879404871825,10.018810620109896,1.100188106201099,10.905638788145389,1.109056387881454,29.836248582325897,1.298362485823259,13.626429098515748,1.1362642909851577,Boston Scientific,Health Care,25.2,20.0,0.0,0.07,36142506007.0,1726000000.0,Health Care,Health Care Equipment,2.36,11.85,8.89,23.11,2.0,40.67,2023.0,9.0,0.797,8
ITW,-9.171185404505476,0.9082881459549452,-2.3318460230916216,0.9766815397690838,10.337774773169883,1.1033777477316988,18.636333647278654,1.1863633364727866,-8.905552578774278,0.9109444742122572,Illinois Tool Works,Industrials,156.15,23.62,1.9089574,4.86,55994378108.0,3924000000.0,Industrials,Industrial Machinery & Supplies & Components,7.0,11.78,6.52,25.29,2.0,50.21,2023.0,9.0,1.112,3
KMB,-4.725125376407768,0.9527487462359224,6.473126871356727,1.0647312687135673,9.647700877435827,1.0964770087743585,10.856950321492874,1.1085695032149288,-0.2719264761226414,0.9972807352387736,Kimberly-Clark,Consumer Staples,111.69,17.93,3.5599859,6.41,39449596000.0,4033000000.0,Consumer Staples,Household Products,10.43,10.4,7.64,28.48,2.0,63.05,2023.0,9.0,0.403,4
EL,-34.74844323597911,0.6525155676402089,5.87152476768491,1.058715247676849,-1.4841390651449848,0.9851586093485502,-0.6169792818879305,0.9938302071811208,-33.14148556311469,0.6685851443688531,Estee Lauder Cos.,Consumer Staples,131.46,37.78,1.1283498,3.35,49543264457.0,2478000000.0,Consumer Staples,Personal Care Products,6.95,11.05,7.48,25.48,2.0,51.03,2023.0,9.0,0.997,10
PM,6.497433796295904,1.064974337962959,7.917852896036415,1.079178528960364,8.434376290483092,1.084343762904831,3.8081640348582857,1.0380816403485829,13.22744992404925,1.1322744992404925,Philip Morris International,Consumer Staples,100.39,22.36,4.328479,4.48,153580671803.0,11802000000.0,Consumer Staples,Tobacco,3.42,13.54,11.49,28.45,3.0,62.86,2023.0,9.0,0.578,5
MCO,-24.646108982895633,0.7535389101710437,-6.869223075564657,0.9313077692443534,-0.5710170654268265,0.9942898293457316,10.198246757492637,1.1019824675749263,-27.328727141931175,0.7267127285806882,Moody's Corp,Financials,152.14,26.55,1.114065,1.35,30189978000.0,1238000000.0,Financials,Financial Exchanges & Data,1.61,6.09,8.12,15.82,2.0,13.52,2023.0,9.0,1.29,3
CLX,-15.314694110681138,0.8468530588931886,4.390103281494384,1.0439010328149438,2.8749995761447433,1.0287499957614474,20.311867696022578,1.2031186769602258,-12.098735855537935,0.8790126414446207,The Clorox Company,Consumer Staples,127.76,23.44,2.6286967,5.33,16540418002.0,1295000000.0,Consumer Staples,Household Products,7.72,8.59,5.31,21.63,2.0,34.52,2023.0,9.0,0.393,6
DGX,-9.59537796580806,0.9040462203419194,-1.622192258521049,0.9837780774147896,17.995555901856598,1.179955559018566,15.37506075434203,1.1537506075434203,-7.172307823718748,0.9282769217628124,Quest Diagnostics,Health Care,96.42,17.07,1.9884669,5.5,13578300000.0,1453000000.0,Health Care,Health Care Services,0.13,13.07,8.0,21.21,3.0,32.72,2023.0,9.0,0.889,3
NFLX,-47.79617177753642,0.5220382822246358,7.486299539916996,1.07486299539917,42.965203833857224,1.4296520383385722,73.14419246389836,1.7314419246389836,-49.01578985129578,0.5098421014870422,Netflix Inc.,Information Technology,250.1,200.08,0.0,1.25,114805404842.0,809028000.0,Communication Services,Movies & Entertainment,0.09,7.31,9.01,16.41,2.0,15.33,2023.0,9.0,1.262,9
FITB,-26.012982780829873,0.7398701721917013,-10.312074340326491,0.8968792565967351,-5.5174394809394345,0.9448256051906057,-4.837317383585549,0.9516268261641444,-24.47440469668056,0.7552559530331944,Fifth Third Bancorp,Financials,31.1,16.9,1.9789734,2.85,22437653700.0,0.0,Financials,Diversified Banks,1.19,8.15,7.5,16.84,2.0,16.65,2023.0,9.0,1.239,6
GWW,14.894156882838216,1.1489415688283822,-0.0562669779127888,0.999437330220872,5.212236696549399,1.052122366965494,23.91451517073162,1.2391451517073162,14.118017782622536,1.1411801778262254,Grainger (W.W.) Inc.,Industrials,258.6,22.57,1.9700643,10.02,14639308205.0,1279846000.0,Industrials,Industrial Machinery & Supplies & Components,4.54,5.55,5.91,16.0,2.0,14.01,2023.0,9.0,1.159,5
NTRS,-26.78541426602,0.7321458573398,-6.019351383806503,0.939806486161935,-6.92995725449782,0.9307004274550218,-5.2637179427199925,0.9473628205728,-25.331640147080027,0.7466835985291997,Northern Trust Corp.,Financials,96.2,19.96,1.6678249,4.92,22908130223.0,0.0,Financials,Asset Management & Custody Banks,1.87,11.83,10.17,23.86,2.0,43.85,2023.0,9.0,1.096,5
AOS,-30.89027009809574,0.6910972990190426,-3.741664886474605,0.962583351135254,6.598377155413071,1.0659837715541307,3.0603142836721497,1.0306031428367215,-30.939850574065662,0.6906014942593434,A.O. Smith Corp,Industrials,60.24,27.76,1.1479592,1.7,10783419933.0,601000000.0,Industrials,Building Products,7.15,11.87,6.42,25.44,1.0,50.86,2023.0,9.0,1.147,10
JPM,-17.489177064331606,0.8251082293566839,-1.3895083816763298,0.9861049161832368,14.631840251398344,1.1463184025139834,15.605228260424052,1.1560522826042403,-16.518588377809973,0.8348141162219003,JPMorgan Chase & Co.,Financials,107.88,15.43,1.9845841,6.3,386613611000.0,0.0,Financials,Diversified Banks,1.11,16.45,11.7,29.26,3.0,66.02,2023.0,9.0,1.105,5
ABT,-21.82824533245539,0.7817175466754461,4.4192585890610925,1.044192585890611,2.692749624080726,1.0269274962408073,3.711831370584284,1.0371183137058428,-19.11140404030311,0.8088859595969689,Abbott Laboratories,Health Care,56.27,22.51,1.9089824,0.26,102121042306.0,5744000000.0,Health Care,Health Care Equipment,2.27,14.24,8.33,24.83,3.0,48.27,2023.0,9.0,0.722,7
OMC,3.4104808408131904,1.034104808408132,-1.4191697120427782,0.9858083028795722,10.89985772120732,1.1089985772120732,16.781298037171233,1.1678129803717123,7.756310415957457,1.0775631041595746,Omnicom Group,Consumer Discretionary,75.91,15.27,3.1838684,4.79,17377551986.0,2366000000.0,Communication Services,Advertising,0.09,9.33,6.86,16.28,1.0,14.89,2023.0,9.0,0.964,1
TSCO,-9.034022594038149,0.9096597740596184,2.5711551884882056,1.025711551884882,10.750995493924576,1.1075099549392458,9.327995571037984,1.0932799557103798,-8.486618033386861,0.9151338196661314,Tractor Supply Company,Consumer Discretionary,65.94,19.57,1.6030874,3.3,8459271203.0,859519000.0,Consumer Discretionary,Other Specialty Retail,3.43,8.19,4.47,16.1,2.0,14.33,2023.0,9.0,0.799,1
PH,-7.971519759938683,0.9202848024006132,-5.755585229955395,0.942444147700446,7.595826132906369,1.0759582613290637,14.137134589901246,1.1413713458990125,-8.81698045431989,0.9118301954568012,Parker-Hannifin,Industrials,174.51,21.6,1.4401833,7.24,24421668509.0,2092089000.0,Industrials,Industrial Machinery & Supplies & Components,9.46,13.78,6.24,29.48,2.0,66.96,2023.0,9.0,1.431,6
HST,1.6704421225528732,1.0167044212255287,-3.2596959032596073,0.967403040967404,0.4194673739360333,1.0041946737393603,1.959110172612344,1.0195911017261234,7.967533552649764,1.0796753355264976,Host Hotels & Resorts,Real Estate,18.75,11.23,4.1131105,1.02,14394715334.0,1547000000.0,Real Estate,Hotel & Resort REITs,3.25,4.58,5.52,13.35,1.0,7.41,2023.0,9.0,1.341,9
JBHT,-9.98811138916219,0.9001188861083781,-2.0064732163800225,0.9799352678361998,6.245609751918857,1.0624560975191886,12.481418938866115,1.1248141893886612,-8.501211266298148,0.9149878873370184,J. B. Hunt Transport Services,Industrials,114.81,30.62,0.8139042,6.19,12945366350.0,1007309000.0,Industrials,Cargo Ground Transportation,3.28,6.55,5.0,14.82,1.0,10.74,2023.0,9.0,1.153,8
COP,51.28101335573303,1.5128101335573303,-16.69155503067875,0.8330844496932125,-0.6498738939143878,0.993501261060856,2.07627970826727,1.0207627970826727,51.85739790195279,1.5185739790195278,ConocoPhillips,Energy,53.24,72.93,2.049254,-0.65,65482462410.0,5328000000.0,Energy,Oil & Gas Exploration & Production,17.57,8.07,8.28,33.91,2.0,80.76,2023.0,9.0,1.228,5
CNC,4.8517871290962855,1.0485178712909629,5.592791500369199,1.055927915003692,-3.743191339421026,0.9625680866057896,11.877103907016329,1.1187710390701633,10.46527346493562,1.1046527346493562,Centene Corporation,Health Care,100.36,19.12,0.0,3.23,18012494506.0,2063000000.0,Health Care,Managed Health Care,0.09,13.28,6.51,19.89,2.0,27.59,2023.0,9.0,0.484,1
TXT,-6.130459654552512,0.9386954034544748,1.1004605515187116,1.0110046055151871,13.224842195457388,1.132248421954574,16.824263912373148,1.1682426391237315,-4.97281503499546,0.9502718496500454,Textron Inc.,Industrials,55.54,22.13,0.1381454,1.14,15254672353.0,1454000000.0,Industrials,Aerospace & Defense,10.92,16.08,6.61,33.61,2.0,80.08,2023.0,9.0,1.231,4
AKAM,-23.512896247572854,0.7648710375242714,-3.7171947267520262,0.9628280527324796,0.2453642452856286,1.0024536424528565,-1.2741692118233838,0.9872583078817662,-20.467219224480615,0.7953278077551938,Akamai Technologies Inc,Information Technology,62.49,32.55,0.0,1.79,10906904066.0,789517000.0,Information Technology,Internet Services & Infrastructure,3.0,7.09,6.93,17.01,1.0,17.19,2023.0,9.0,0.676,3
PAYX,-10.233434185111312,0.8976656581488869,-0.2189896578549843,0.9978101034214502,-1.0935444499092672,0.9890645555009072,2.3696531332394466,1.0236965313323945,-2.820923342791115,0.9717907665720888,Paychex Inc.,Information Technology,61.86,27.49,3.0892801,2.26,23253666810.0,1414900000.0,Industrials,Human Resource & Employment Services,3.21,7.16,6.36,16.73,1.0,16.37,2023.0,9.0,0.993,4
AAL,-25.86666870117188,0.7413333129882812,-6.586024787456579,0.9341397521254342,1.6081820792888113,1.016081820792888,4.432751166889615,1.044327511668896,-22.82065829050096,0.7717934170949904,American Airlines Group,Industrials,48.6,9.92,0.7782101,3.91,24594852352.0,5761000000.0,Industrials,Passenger Airlines,9.94,11.65,4.76,26.35,2.0,54.48,2023.0,9.0,1.433,10
MAA,-28.86614237199569,0.7113385762800432,0.3587452911288924,1.003587452911289,-5.044273008750477,0.9495572699124952,-0.9574582227123596,0.9904254177728764,-25.691784163876584,0.7430821583612341,Mid-America Apartments,Real Estate,85.39,14.38,4.19652,2.86,9992628990.0,871483000.0,Real Estate,Multi-Family Residential REITs,3.9,2.95,6.25,13.09,1.0,6.87,2023.0,9.0,0.873,5
MMC,2.427792658207406,1.024277926582074,2.815118253779114,1.0281511825377911,6.729383402899036,1.0672938340289904,15.432302709532774,1.1543230270953275,-0.296862489269778,0.9970313751073022,Marsh & McLennan,Financials,79.31,20.23,1.8257059,2.87,41819440000.0,3236000000.0,Financials,Insurance Brokers,0.09,11.31,9.67,21.07,2.0,32.16,2023.0,9.0,0.937,1
CINF,-6.392010713393925,0.9360798928660607,-3.824143177869898,0.961758568221301,6.540551599558886,1.0654055159955889,-9.90469683640448,0.9009530316359552,-9.022168970442744,0.9097783102955724,Cincinnati Financial,Financials,70.34,27.48,2.918904,3.55,11916533018.0,0.0,Financials,Property & Casualty Insurance,1.76,10.97,12.88,25.61,1.0,51.6,2023.0,9.0,0.671,8
VMC,-12.809038194240063,0.8719096180575994,1.2907898256212968,1.012907898256213,10.760112560371816,1.1076011256037182,19.68967178943537,1.1968967178943537,-11.773582035891929,0.8822641796410807,Vulcan Materials,Materials,121.47,40.9,0.7797879,3.1,16964162228.0,970976000.0,Materials,Construction Materials,13.42,6.81,9.05,29.28,2.0,66.1,2023.0,9.0,0.815,6
SRE,23.22145058026517,1.2322145058026517,5.16650876721807,1.0516650876721807,-4.794241265363852,0.9520575873463616,12.366998215520852,1.1236699821552083,28.27509915234232,1.2827509915234232,Sempra Energy,Utilities,103.36,19.14,3.1607263,5.45,26163862235.0,3763000000.0,Utilities,Multi-Utilities,10.86,7.85,4.88,23.59,2.0,42.73,2023.0,9.0,0.759,7
ORLY,18.61510867869331,1.1861510867869332,1.212606050083842,1.0121260605008384,18.65944096786627,1.1865944096786627,37.809047724822655,1.3780904772482263,20.973957844176393,1.209739578441764,O'Reilly Automotive,Consumer Discretionary,252.22,21.91,0.0,10.73,21433781860.0,1965187000.0,Consumer Discretionary,Automotive Retail,0.14,8.15,3.76,12.05,1.0,5.1,2023.0,9.0,0.924,9
IVZ,-20.330615818888862,0.7966938418111114,-6.145675895069392,0.938543241049306,12.31840067205172,1.1231840067205172,13.002437387099652,1.1300243738709963,-19.814171155612627,0.8018582884438737,Invesco Ltd.,Financials,31.92,11.87,3.466826,2.74,13620847614.0,1606200000.0,Financials,Asset Management & Custody Banks,0.73,11.02,11.04,22.79,2.0,39.19,2023.0,9.0,1.423,3
RCL,-29.518743127362654,0.7048125687263734,-2.5820764934217033,0.974179235065783,22.67442486085267,1.2267442486085267,43.53742300803643,1.4353742300803642,-24.543044740790563,0.7545695525920944,Royal Caribbean Cruises Ltd,Consumer Discretionary,122.45,16.26,1.8674136,7.53,27418147452.0,2876309000.0,Consumer Discretionary,"Hotels, Resorts & Cruise Lines",8.15,7.68,4.88,20.71,3.0,30.6,2023.0,9.0,2.621,9
SNPS,-7.614232803226695,0.923857671967733,0.6653642517967295,1.0066536425179673,3.0886023569103527,1.0308860235691035,10.013527809601875,1.1001352780960187,-7.930392902241589,0.920696070977584,Synopsys Inc.,Information Technology,82.62,67.72,0.0,0.87,12767067883.0,579844000.0,Information Technology,Application Software,3.34,6.93,4.16,14.42,0.0,9.81,2023.0,9.0,1.078,3
YUM,-6.013324198698422,0.9398667580130158,4.046059692758064,1.0404605969275806,12.977641535073392,1.129776415350734,14.673820888681943,1.1467382088868194,-4.145804134907438,0.9585419586509256,Yum! Brands Inc,Consumer Discretionary,76.3,27.25,1.7970798,4.07,27003303098.0,2289000000.0,Consumer Discretionary,Restaurants,4.53,11.45,4.12,20.1,2.0,28.34,2023.0,9.0,1.081,2
VZ,-28.27039919236659,0.7172960080763341,-1.7885054105455933,0.982114945894544,-9.904187596486713,0.9009581240351328,-23.46897149400615,0.7653102850599385,-25.054786396328588,0.7494521360367141,Verizon Communications,Telecommunication Services,49.04,13.08,4.626544,7.36,208092277044.0,45745000000.0,Communication Services,Integrated Telecommunication Services,3.74,9.59,5.39,18.73,3.0,23.13,2023.0,9.0,0.407,1
JCI,-18.103337290490902,0.8189666270950909,-2.1162807534472527,0.9788371924655276,15.139975534299266,1.1513997553429929,30.334937454573275,1.3033493745457327,-18.07236401869029,0.8192763598130971,Johnson Controls International,Industrials,36.55,14.0,2.7659574,1.71,34822224800.0,4295000000.0,Industrials,Building Products,4.49,4.55,5.39,14.43,3.0,9.85,2023.0,9.0,1.3,6
AMGN,21.489697742838153,1.2148969774283815,-3.373444181107521,0.9662655581889248,21.3986591017977,1.213986591017977,16.90508389451604,1.1690508389451604,30.59177750313711,1.305917775031371,Amgen Inc,Health Care,173.12,13.76,2.9751508,2.57,128133340000.0,11945000000.0,Health Care,Biotechnology,0.73,13.48,7.75,21.96,3.0,35.92,2023.0,9.0,0.605,2
TEL,-24.177641305864228,0.7582235869413577,-1.6404827191847993,0.983595172808152,-3.3689577074397348,0.9663104229256028,1.2222214279329346,1.0122222142793291,-23.875033030101857,0.7612496696989814,TE Connectivity Ltd.,Information Technology,95.27,19.72,1.6062645,4.71,34983666316.0,2797000000.0,Information Technology,Electronic Manufacturing Services,5.81,4.44,4.55,14.8,0.0,10.69,2023.0,9.0,1.325,5
ADP,7.059133327526079,1.0705913332752608,4.8168317737915745,1.0481683177379155,11.135449700004395,1.111354497000044,26.109096330509708,1.261090963305097,10.351451048149872,1.1035145104814987,Automatic Data Processing,Information Technology,108.25,29.34,2.2190912,3.85,50337702249.0,2767400000.0,Industrials,Human Resource & Employment Services,2.8,5.54,5.49,13.82,1.0,8.36,2023.0,9.0,0.802,2
STT,-15.971412992992606,0.8402858700700739,-2.00642059866869,0.9799357940133132,10.030501713361328,1.1003050171336133,24.12417824265831,1.2412417824265831,-15.126728637920184,0.8487327136207982,State Street Corp.,Financials,98.54,15.35,1.6228749,5.23,38059113300.0,0.0,Financials,Asset Management & Custody Banks,1.61,12.95,9.52,24.08,1.0,45.05,2023.0,9.0,1.495,5
IFF,-28.202115110540284,0.7179788488945972,6.4899557056510515,1.0648995570565103,-2.1343684203882884,0.9786563157961172,-8.043457733593451,0.9195654226640656,-27.22606987845243,0.7277393012154757,Intl Flavors & Fragrances,Materials,138.0,24.17,1.9341276,5.05,11270040447.0,699963000.0,Materials,Specialty Chemicals,10.49,5.57,6.63,22.69,3.0,38.82,2023.0,9.0,1.233,4
LYB,-12.376562854710327,0.8762343714528967,-8.342690892493554,0.9165730910750644,0.7031824722326219,1.0070318247223262,-15.09257564837554,0.8490742435162446,-9.20921596200628,0.9079078403799372,LyondellBasell,Materials,105.79,10.35,3.264714,12.25,43556650000.0,6851000000.0,Materials,Specialty Chemicals,13.5,2.1,5.09,20.69,2.0,30.53,2023.0,9.0,1.082,1
GIS,28.78382395995056,1.2878382395995056,12.129453393633693,1.121294533936337,16.503032312410525,1.1650303231241053,30.56980332859669,1.305698033285967,33.75540439971947,1.337554043997195,General Mills,Consumer Staples,53.99,17.53,3.5864594,2.77,31098243069.0,3107600000.0,Consumer Staples,Packaged Foods & Meats,8.32,8.72,4.09,21.13,2.0,32.41,2023.0,9.0,0.091,6
PHM,-21.16241558137544,0.7883758441862456,-0.3380611106435061,0.9966193888935648,12.806123367501796,1.128061233675018,12.14811280358672,1.1214811280358672,-21.344716719040157,0.7865528328095984,Pulte Homes Inc.,Consumer Discretionary,28.67,12.86,1.2036108,1.44,8792572352.0,992811000.0,Consumer Discretionary,Homebuilding,9.19,7.31,4.92,21.42,2.0,33.61,2023.0,9.0,1.627,5
CPB,28.60081811037487,1.2860081811037487,14.86624177623892,1.1486624177623892,18.972084289966062,1.1897208428996606,24.14477663900008,1.2414477663900008,30.359207441196645,1.3035920744119665,Campbell Soup,Consumer Staples,44.83,14.84,3.125,2.89,13467193376.0,1683000000.0,Consumer Staples,Packaged Foods & Meats,10.87,8.15,4.47,23.5,2.0,42.3,2023.0,9.0,0.175,4
SYF,-25.265957446808507,0.7473404255319149,-12.689534179280148,0.8731046582071985,11.155061949294588,1.111550619492946,15.27732455381219,1.152773245538122,-26.62418887875868,0.7337581112124132,Synchrony Financial,Financials,34.98,13.35,1.6,2.41,28893750000.0,0.0,Financials,Consumer Finance,0.13,9.89,7.25,17.28,2.0,18.01,2023.0,9.0,1.612,8
CHD,-21.123784095708963,0.7887621590429104,7.727940323731386,1.077279403237314,1.7954586465699585,1.0179545864656996,-1.5644190501581725,0.9843558094984184,-16.12650580835009,0.8387349419164991,Church & Dwight,Consumer Staples,47.38,24.42,1.8366054,2.92,11838963451.0,868000000.0,Consumer Staples,Household Products,6.89,6.31,6.66,19.86,1.0,27.47,2023.0,9.0,0.54,4
APA,55.84462000903918,1.5584462000903918,-10.315830501322122,0.8968416949867788,11.812832676514851,1.1181283267651485,-4.163930487405942,0.9583606951259406,63.96700193903049,1.6396700193903049,Apache Corporation,Energy,37.73,-251.53,2.528445,-3.72,15066280977.0,3265000000.0,Energy,Oil & Gas Exploration & Production,21.98,8.88,7.96,38.81,2.0,82.83,2021.0,3.0,3.243,9
K,13.141620222472095,1.131416202224721,6.088716648083525,1.0608871664808353,3.3323928558616434,1.0333239285586164,7.935098836663679,1.0793509883666368,16.863624326754966,1.1686362432675497,Kellogg Co.,Consumer Staples,65.98,16.5,3.363962,1.95,22182794875.0,1827000000.0,Consumer Staples,Packaged Foods & Meats,10.64,13.35,4.38,28.37,2.0,62.52,2023.0,9.0,0.394,8
NI,0.236186866380117,1.0023618686638012,6.877178052144006,1.06877178052144,-7.214936060514732,0.9278506393948528,-0.4870138247687339,0.9951298617523128,6.382563670724406,1.063825636707244,NiSource Inc.,Utilities,22.51,19.57,3.3780859,1.02,7776566371.0,1448600000.0,Utilities,Multi-Utilities,11.98,9.17,4.87,26.02,3.0,53.23,2023.0,9.0,0.504,2
NCLH,-29.6212829490602,0.703787170509398,-12.597989231703766,0.8740201076829623,8.402778265284926,1.0840277826528493,33.0775811241097,1.330775811241097,-27.53018109008246,0.7246981890991754,Norwegian Cruise Line,Consumer Discretionary,56.01,15.35,0.0,2.78,13191507318.0,1529401000.0,Consumer Discretionary,"Hotels, Resorts & Cruise Lines",8.97,10.9,6.08,25.94,2.0,52.93,2023.0,9.0,2.712,5
HBAN,-8.101264034931999,0.91898735965068,-3.0060106963141098,0.9699398930368588,3.5663336924010025,1.03566333692401,15.78947768687282,1.1578947768687282,-4.911591208359656,0.9508840879164034,Huntington Bancshares,Financials,15.1,15.41,2.8132992,1.0,16766497291.0,0.0,Financials,Regional Banks,1.97,11.19,8.68,21.84,2.0,35.46,2023.0,9.0,1.068,9
PRU,-9.088426155552764,0.9091157384444724,-9.32764618881592,0.9067235381118408,4.3219535964920786,1.0432195359649208,5.355827003456115,1.0535582700345612,-6.642377195010074,0.9335762280498991,Prudential Financial,Financials,103.38,9.99,2.6985698,9.73,47136080000.0,0.0,Financials,Life & Health Insurance,0.64,10.01,9.25,19.91,1.0,27.67,2023.0,9.0,1.286,4
GPC,30.116733669787088,1.3011673366978709,0.8485021633336975,1.008485021633337,13.63175791217568,1.1363175791217568,35.53088936893809,1.355308893689381,33.10835777157628,1.3310835777157628,Genuine Parts,Consumer Discretionary,96.31,21.17,2.7198548,4.6,14554321748.0,1201517000.0,Consumer Discretionary,Distributors,4.67,5.18,3.8,13.66,2.0,8.02,2023.0,9.0,0.913,6
WMB,23.471702719634436,1.2347170271963444,-3.990611905168062,0.9600938809483194,-0.2134787827684059,0.997865212172316,3.0551219549704633,1.0305512195497046,22.82283021904723,1.2282283021904723,Williams Cos.,Energy,28.56,48.41,4.0,-0.57,24802396470.0,3955000000.0,Energy,Oil & Gas Storage & Transportation,8.72,10.13,2.96,21.82,2.0,35.38,2023.0,9.0,1.079,3
DVA,-34.882612217963405,0.651173877820366,4.541028261971958,1.0454102826197196,-18.520324210810468,0.8147967578918953,-16.62229656873594,0.8337770343126406,-28.962288394436765,0.7103771160556324,DaVita Inc.,Health Care,71.91,20.55,0.0,4.3,13685178000.0,2252294000.0,Health Care,Health Care Services,0.07,14.08,8.42,22.56,2.0,38.3,2023.0,9.0,0.863,2
O,-9.487356099647617,0.905126439003524,-0.8233358486773423,0.9917666415132266,-2.2227338581189637,0.9777726614188104,-0.5478446608251586,0.9945215533917484,-3.727222371654304,0.962727776283457,Realty Income Corporation,Real Estate,47.56,15.54,5.372036,1.12,13784942453.0,1075568000.0,Real Estate,Retail REITs,4.41,5.32,5.74,15.47,2.0,12.57,2023.0,9.0,0.992,5
SLB,51.513248466740016,1.5151324846674,-12.331262968196333,0.8766873703180367,24.9285153321672,1.249285153321672,15.75144711807066,1.1575144711807066,55.08229018472477,1.5508229018472477,Schlumberger Ltd.,Energy,67.4,44.93,2.8673835,-1.08,96529311126.0,3222000000.0,Energy,Oil & Gas Equipment & Services,8.08,6.29,5.91,20.28,1.0,29.0,2023.0,9.0,1.528,1
APD,6.610659827989007,1.06610659827989,9.327116264401193,1.093271162644012,23.15097109136219,1.231509710913622,31.791967521715357,1.3179196752171536,6.776700090483301,1.067767000904833,Air Products & Chemicals Inc,Materials,152.8,24.22,2.7811136,13.66,34638387128.0,2542500000.0,Materials,Industrial Gases,7.42,1.5,3.35,12.26,1.0,5.41,2023.0,9.0,0.828,7
HAS,-41.87139037485069,0.5812860962514932,-6.339694791732031,0.9366030520826796,-25.660283085014314,0.7433971691498569,-27.360570159120833,0.7263942984087917,-41.09303752289405,0.5890696247710595,Hasbro Inc.,Consumer Discretionary,96.48,20.57,2.2304833,4.34,12732072001.0,1028425000.0,Consumer Discretionary,Leisure Products,0.04,2.88,4.16,7.08,2.0,1.27,2023.0,9.0,0.596,3
NTAP,-29.84089173823852,0.7015910826176148,-11.809524224728952,0.8819047577527105,-8.781308863153614,0.912186911368464,-0.9322949831979566,0.9906770501680204,-27.42946717835657,0.7257053282164343,NetApp,Information Technology,55.85,26.1,1.3881658,1.81,15375210915.0,1075000000.0,Information Technology,"Technology Hardware, Storage & Peripherals",2.19,7.74,5.5,15.43,1.0,12.46,2023.0,9.0,1.219,2
KIM,-11.737185670612682,0.8826281432938732,-2.1866573655474064,0.978133426344526,1.950183246183568,1.0195018324618357,12.351114939637007,1.12351114939637,-5.509579442901325,0.9449042055709868,Kimco Realty,Real Estate,14.01,9.28,7.7134986,0.8,6180487499.0,701190000.0,Real Estate,Retail REITs,2.35,2.58,5.97,10.9,0.0,3.52,2023.0,9.0,1.492,5
BAX,-39.62242534290338,0.6037757465709662,-4.427843035498025,0.9557215696450198,-9.771202822652803,0.902287971773472,-22.674333853657348,0.7732566614634265,-35.13480043651535,0.6486519956348465,Baxter International Inc.,Health Care,62.56,25.12,0.97635394,1.29,35713732553.0,1832000000.0,Health Care,Health Care Equipment,2.83,13.6,7.14,23.57,3.0,42.59,2023.0,9.0,0.593,4
WYNN,-2.107780044295171,0.9789221995570484,10.182090882541273,1.1018209088254127,37.077214024599314,1.3707721402459931,44.792716461087224,1.4479271646108722,-1.8954140527555507,0.9810458594724444,Wynn Resorts Ltd,Consumer Discretionary,169.28,31.7,1.1279043,7.27,18225400525.0,1501301000.0,Consumer Discretionary,Casinos & Gaming,3.37,11.75,10.58,25.7,2.0,52.0,2023.0,9.0,1.799,8
EFX,-30.03521234216825,0.6996478765783175,2.4279557305564747,1.0242795573055647,3.851980895131768,1.0385198089513177,11.416396225430336,1.1141639622543034,-32.671455599156694,0.673285444008433,Equifax Inc.,Industrials,114.0,19.03,1.3265306,4.04,14121334618.0,1141200000.0,Industrials,Research & Consulting Services,0.08,16.3,6.78,23.16,3.0,40.91,2023.0,9.0,1.583,6
PKG,0.2191502619476537,1.0021915026194763,4.197881754344701,1.041978817543447,-2.086659911069766,0.9791334008893025,-8.371254028323538,0.9162874597167646,5.254740349979503,1.052547403499795,Packaging Corporation of America,Materials,111.95,18.57,2.1514556,7.07,11051273948.0,1214900000.0,Materials,Paper & Plastic Packaging Products & Materials,13.96,1.06,3.62,18.64,1.0,22.83,2023.0,9.0,0.786,6
CTSH,-34.68236991464908,0.6531763008535092,0.1455030842762106,1.001455030842762,-6.883655318949478,0.9311634468105052,-14.578766399606293,0.8542123360039371,-28.739339640113737,0.7126066035988626,Cognizant Technology Solutions,Information Technology,75.16,22.44,1.0454783,2.54,45119684067.0,2946000000.0,Information Technology,IT Consulting & Other Services,1.11,7.64,5.91,14.66,2.0,10.38,2023.0,9.0,1.05,2
SWK,-57.596945386122144,0.4240305461387786,-6.365796680071567,0.9363420331992844,-9.783731675790108,0.9021626832420988,-26.01351525506637,0.7398648474493363,-59.4777974263969,0.4052220257360311,Stanley Black & Decker,Consumer Discretionary,152.86,20.57,1.5775635,8.05,24496399600.0,2264600000.0,Industrials,Industrial Machinery & Supplies & Components,5.0,12.51,7.8,25.31,2.0,50.29,2023.0,9.0,1.236,4
TRV,19.274481073811224,1.1927448107381122,2.2230829471756364,1.0222308294717564,14.51732392710172,1.1451732392710172,12.220618464905296,1.122206184649053,20.43436257533937,1.2043436257533937,The Travelers Companies Inc.,Financials,135.01,16.48,2.0261714,7.31,38903131815.0,0.0,Financials,Property & Casualty Insurance,1.01,9.3,10.02,20.33,1.0,29.15,2023.0,9.0,0.629,9
WM,2.070784689342453,1.0207078468934243,5.0265533410244645,1.0502655334102446,-2.9788014155264664,0.9702119858447352,14.235607198211042,1.1423560719821104,0.843855864101184,1.0084385586410118,Waste Management Inc.,Industrials,79.12,25.36,2.0800195,2.66,35488486675.0,3896000000.0,Industrials,Environmental & Facilities Services,8.09,5.24,3.32,16.65,2.0,16.09,2023.0,9.0,0.753,1
DOV,-22.38827042102638,0.7761172957897362,-1.798640285367714,0.9820135971463227,9.126387117506152,1.0912638711750615,11.56295462115251,1.115629546211525,-19.231443577074735,0.8076855642292526,Dover Corp.,Industrials,96.2,23.87,1.8815053,5.15,15566645713.0,1513291000.0,Industrials,Industrial Machinery & Supplies & Components,7.98,12.48,5.42,25.88,1.0,52.67,2023.0,9.0,1.218,4
CRM,-47.68456871523043,0.5231543128476958,-15.269759784107428,0.8473024021589257,-15.468058752029922,0.8453194124797008,-20.708987331538857,0.7929101266846115,-49.76318276671678,0.5023681723328322,Salesforce.com,Information Technology,104.03,520.15,0.0,0.27,79489115000.0,925804000.0,Information Technology,Application Software,2.01,7.48,5.39,14.88,1.0,10.87,2023.0,9.0,1.297,9
WAT,-6.854272055016852,0.9314572794498316,2.3353924536564596,1.0233539245365646,13.226424297825034,1.1322642429782503,4.730770331185252,1.0473077033118523,-0.3988694819467397,0.9960113051805326,Waters Corporation,Health Care,191.79,26.64,0.0,0.19,16064078572.0,773932000.0,Health Care,Life Sciences Tools & Services,1.35,8.19,5.09,14.62,0.0,10.29,2023.0,9.0,0.955,7
BWA,-9.72775659158237,0.9027224340841764,-3.854310212418033,0.9614568978758196,7.498685618560619,1.0749868561856062,13.988265061124716,1.1398826506112472,-11.471673285046402,0.885283267149536,BorgWarner,Consumer Discretionary,51.94,14.15,1.2363636,0.55,11596117445.0,867900000.0,Consumer Discretionary,Automotive Parts & Equipment,2.67,4.21,5.71,12.59,2.0,5.92,2023.0,9.0,1.182,1
