Ticker,YTD_Change,YTD_Return,1M_Change,1M_Return,3M_Change,3M_Return,6M_Change,6M_Return,12M_Change,12M_Return
CSCO,-23.060479198696136,0.7693952080130386,8.49520032909108,1.0849520032909108,10.167763655163142,1.1016776365516314,10.94749330403042,1.1094749330403042,-17.983120302610757,0.8201687969738924
ISRG,-24.494442409939232,0.7550555759006077,2.5426365977710974,1.025426365977711,28.58089648636415,1.2858089648636415,38.591750653670246,1.3859175065367024,-21.20245418094635,0.7879754581905365
NVR,-19.486934915281605,0.8051306508471839,3.1995324439316963,1.031995324439317,13.997102750753587,1.1399710275075359,18.55045343834989,1.185504534383499,-21.910992234103066,0.7808900776589693
GILD,21.052629365957177,1.2105262936595718,7.38205932297189,1.073820593229719,34.961601643167704,1.349616016431677,50.47097367486471,1.504709736748647,25.06761652719083,1.2506761652719083
NLSN,,,,,,,,,,
V,-3.639975534116213,0.9636002446588379,4.082924447408542,1.0408292444740854,6.861319714467218,1.0686131971446722,8.773445724808827,1.0877344572480883,-0.014057535217859574,0.9998594246478214
A,-0.6901852380768014,0.993098147619232,4.780524883421666,1.0478052488342167,16.369628358084974,1.1636962835808498,33.424909648632564,1.3342490964863256,-0.5503651866018311,0.9944963481339817
FLT,-18.956340029809805,0.810436599701902,-6.256256160697804,0.937437438393022,-11.667605648803313,0.8833239435119669,-18.39491130829024,0.8160508869170976,-15.937343429797245,0.8406265657020275
MCHP,-13.125003467906604,0.868749965320934,0.8176118979514424,1.0081761189795144,21.041794067348498,1.210417940673485,24.207957588746876,1.2420795758874688,-12.257546931985953,0.8774245306801405
MSCI,-16.938111082997366,0.8306188891700264,-3.448676362501435,0.9655132363749857,4.860424301532862,1.0486042430153286,24.48727798172832,1.2448727798172832,-21.24367168617509,0.7875632831382491
GS-PJ,-6.813258934212585,0.9318674106578742,-1.358064318027663,0.9864193568197234,-0.8811458969564478,0.9911885410304355,2.164864467750327,1.0216486446775033,-5.742149707572763,0.9425785029242724
BBY,-19.867609239038153,0.8013239076096185,9.766862905670394,1.097668629056704,11.047899219521984,1.1104789921952198,14.034555755232958,1.1403455575523296,-21.17973426455745,0.7882026573544255
WBA,-23.275540839007625,0.7672445916099238,-1.3330083844756424,0.9866699161552436,17.184793084527385,1.1718479308452738,-0.049104979102521096,0.9995089502089748,-17.757577607125953,0.8224242239287405
LVS,23.603609636563917,1.2360360963656392,10.849493989033899,1.108494939890339,26.90274911238224,1.2690274911238224,47.120102192749734,1.4712010219274974,27.509295412446665,1.2750929541244667
AJG,15.409985092682676,1.1540998509268268,3.440856933593772,1.0344085693359377,4.106918693878692,1.041069186938787,25.957442812755737,1.2595744281275574,13.44338854507634,1.1344338854507634
T,-0.06221466532233544,0.9993778533467766,0.7611572890857898,1.007611572890858,14.052286285437955,1.1405228628543795,-1.2602923482649797,0.9873970765173502,11.270488450044681,1.1127048845004468
FPLPF,-59.15594572488867,0.4084405427511133,0.0,1.0,-59.15594572488867,0.4084405427511133,-59.15594572488867,0.4084405427511133,-59.15594572488867,0.4084405427511133
HUM,13.990760212553655,1.1399076021255365,0.3859720194248295,1.0038597201942483,13.299450691423953,1.1329945069142395,22.471263060156097,1.224712630601561,15.043692299385247,1.1504369229938525
CFG,-18.50834622236285,0.8149165377763715,-3.622144634777391,0.9637785536522261,7.532213652128927,1.0753221365212893,10.34719525678305,1.1034719525678305,-15.516884219756811,0.8448311578024319
ADM,35.749012359192214,1.3574901235919221,-0.9777544167816843,0.9902224558321832,6.728436931854187,1.0672843693185419,12.007784430471435,1.1200778443047144,45.24823097549775,1.4524823097549775
LH,-23.4338324892163,0.765661675107837,-8.3002002022738,0.916997997977262,-0.05472136059533339,0.9994527863940467,4.267896271178828,1.0426789627117883,-20.834640216618816,0.7916535978338118
GGG,-13.85358602389567,0.8614641397610433,-2.4467537356085534,0.9755324626439145,4.744243143654869,1.0474424314365487,15.468480235676797,1.154684802356768,-15.211412672925938,0.8478858732707406
PKI,-26.006764518218016,0.7399323548178198,-0.867844916848326,0.9913215508315167,7.162225260463528,1.0716222526046353,1.285515724452857,1.0128551572445286,-24.265098912350126,0.7573490108764988
LNT,-8.307313774749925,0.9169268622525008,3.4581825574188763,1.0345818255741888,-9.158254913208497,0.908417450867915,0.0986661084005025,1.000986661084005,-5.255563343149161,0.9474443665685084
BAC,-29.50411414023514,0.7049588585976486,-15.243425059869697,0.847565749401303,-4.249999102424173,0.9575000089757583,1.575666396682096,1.015756663966821,-26.87556161177298,0.7312443838822702
LNC,-55.1714238840656,0.44828576115934404,-11.32236517714148,0.8867763482285852,-36.31546730313884,0.6368453269686116,-36.34141392775574,0.6365858607224426,-53.68311926099245,0.46316880739007543
GPN,-30.091743336609422,0.6990825666339058,-5.096761673511141,0.9490323832648886,-25.0510713997506,0.749489286002494,-12.219761720856093,0.8778023827914391,-21.255965695137867,0.7874403430486213
PPG,-23.282532121717548,0.7671746787828245,0.6072784742571224,1.0060727847425712,5.132948131331494,1.051329481313315,15.190989015135958,1.1519098901513596,-19.887366839344946,0.8011263316065506
NOV,37.7692862400705,1.377692862400705,-15.888837422034996,0.84111162577965,15.867913826638414,1.1586791382663841,11.627255109487278,1.1162725510948728,45.025608283055575,1.4502560828305557
FLS,-3.932950363312404,0.960670496366876,-9.035406703690352,0.9096459329630965,-3.215335008215414,0.9678466499178459,0.8460237105064161,1.0084602371050642,-4.14924705434575,0.9585075294565425
ADI,-4.549815318257089,0.9545018468174291,3.0659507827314414,1.0306595078273144,14.057333111561965,1.1405733311156196,12.666574010463783,1.1266657401046378,-7.817694439554968,0.9218230556044503
CPRT,-13.113301832768032,0.8688669816723197,3.7037016381323395,1.0370370163813234,15.914660496103883,1.1591466049610388,19.943639234913245,1.1994363923491325,-14.429331438861503,0.855706685611385
ULTA,13.711492910901857,1.1371149291090186,9.208177806123196,1.092081778061232,9.261502421977074,1.0926150242197707,15.847743304731576,1.1584774330473158,16.456424204103005,1.16456424204103
ARE,-32.447801135840294,0.6755219886415971,-1.6425988857586837,0.9835740111424132,-3.402065877116367,0.9659793412288363,9.408387736263624,1.0940838773626362,-29.93300071275837,0.7006699928724163
SYK,-7.551605140168571,0.9244839485983143,10.638013876933305,1.106380138769333,9.873804379154127,1.0987380437915413,22.537158968767777,1.2253715896876778,-4.631059855969221,0.9536894014403078
CB,12.946616875276762,1.1294661687527676,4.831286658620271,1.0483128665862027,11.917706790358684,1.1191770679035868,8.503114927748157,1.0850311492774816,12.928920836156443,1.1292892083615644
TSN,-27.6651524896938,0.723348475103062,-5.785499375025749,0.9421450062497425,-13.273254936263879,0.8672674506373612,-24.49173955455076,0.7550826044544924,-24.49173955455076,0.7550826044544924
NOXL,15.830110082325334,1.1583011008232533,0.0,1.0,0.0,1.0,50.00000000000024,1.5000000000000024,15.830110082325334,1.1583011008232533
NOW,-35.515919177963575,0.6448408082203643,-0.8709246645177027,0.991290753354823,-10.177286362788818,0.8982271363721118,-12.793221227056161,0.8720677877294384,-37.19629113788399,0.6280370886211601
REG,-14.16185761918598,0.8583814238081402,-0.7292667261609487,0.9927073327383905,9.3556424065115,1.093556424065115,12.152417130675786,1.1215241713067579,-10.822984398111346,0.8917701560188865
LOW,-20.79370309039006,0.7920629690960994,-3.1767291426293864,0.9682327085737061,4.518927738134182,1.0451892773813418,13.055142781474194,1.130551427814742,-22.57249938703312,0.7742750061296688
MDLZ,1.7128956078650948,1.017128956078651,3.5493754846372516,1.0354937548463725,12.057443682729563,1.1205744368272956,13.65175717074556,1.1365175717074556,7.773852044762952,1.0777385204476295
FMC,14.071720186366399,1.140717201863664,0.07964832472355798,1.0007964832472356,13.875299706468125,1.1387529970646812,17.254570018559455,1.1725457001855946,16.1597519208907,1.161597519208907
XEL,3.768026886371656,1.0376802688637166,4.459923294569146,1.0445992329456915,-6.10016211954899,0.9389983788045101,7.061505897690101,1.070615058976901,5.999094475439848,1.0599909447543985
UEEC,-55.35714304720869,0.4464285695279131,-15.254233521108162,0.8474576647889184,-39.02438971203469,0.6097561028796531,-29.577462660417286,0.7042253733958271,-61.53846012770066,0.3846153987229934
FAST,-17.505644650299413,0.8249435534970059,-1.2934327776320864,0.9870656722236791,6.476469347573177,1.0647646934757318,3.063899292608574,1.0306389929260857,-20.23400579524538,0.7976599420475462
TJX,3.7061486555401757,1.0370614865554018,6.0216466256551415,1.0602164662565514,21.35997744270628,1.2135997744270628,35.95349127534468,1.3595349127534468,4.8440986947334785,1.0484409869473348
MPC,65.51933329831976,1.6551933329831976,-10.352225277769932,0.8964777472223007,11.295441481763557,1.1129544148176356,9.888775155112373,1.0988877515511237,70.639036973695,1.70639036973695
BR,-20.116051124828704,0.798839488751713,3.257373655018836,1.0325737365501884,-14.213648040499816,0.8578635195950018,4.78434668323473,1.0478434668323473,-18.956042522367824,0.8104395747763218
D,-25.2967454764798,0.747032545235202,-5.076226201526013,0.9492377379847399,-28.830252553931533,0.7116974744606847,-21.834934660570894,0.7816506533942911,-22.946288198071784,0.7705371180192822
NOC,37.00097846544858,1.3700097846544859,7.2011076759480375,1.0720110767594804,12.635122268805876,1.1263512226880588,15.20991526704294,1.1520991526704294,42.34352236313599,1.4234352236313599
BXP,-44.693181812399075,0.5530681818760093,-12.80888868565231,0.8719111131434769,-21.515615571295164,0.7848438442870483,-27.928076461718288,0.7207192353828171,-41.86240142718491,0.5813759857281509
ALLE,-16.069494724830445,0.8393050527516955,-4.400367678103889,0.9559963232189611,13.226095346029542,1.1322609534602954,7.828482971197914,1.0782848297119791,-17.15816865654194,0.8284183134345806
ECL,-34.75612593935031,0.6524387406064969,-3.6806243558042406,0.9631937564419576,-9.831633074851464,0.9016836692514854,-0.059981566194156066,0.9994001843380584,-35.36916490732296,0.6463083509267704
EBAY,-35.074854864481175,0.6492514513551882,-6.751235224609076,0.9324876477539092,1.355452217686115,1.0135545221768612,-0.3217637210966129,0.9967823627890339,-35.16220761306138,0.6483779238693862
SBUX,-12.610647634766725,0.8738935236523327,4.709282688818739,1.0470928268881874,16.081398972533158,1.1608139897253316,37.438864066591606,1.374388640665916,-12.648082177589782,0.8735191782241022
AMT,-25.228716659029637,0.7477128334097036,-4.089397943501183,0.9591060205649882,-15.905431105277312,0.8409456889472269,-11.29659888283413,0.8870340111716587,-21.440364262782797,0.785596357372172
DPZ,-34.380534283264396,0.656194657167356,-0.9549274541393316,0.9904507254586067,3.6075072648871442,1.0360750726488714,-5.811847759240052,0.9418815224075995,-32.07215287181715,0.6792784712818285
DRE,-25.340764272498916,0.7465923572750108,0.0,1.0,-21.28041626116428,0.7871958373883572,-3.1739615409844713,0.9682603845901553,-21.035386566191306,0.789646134338087
IPGP,-45.67918863027499,0.5432081136972501,-0.22719681298822847,0.9977280318701177,6.323195575226248,1.0632319557522625,2.236061153790825,1.0223606115379082,-43.44036119446534,0.5655963880553466
ODFL,-13.62993103346194,0.8637006896653806,-4.759473555964988,0.9524052644403501,14.796621893890883,1.1479662189389088,23.49226157362616,1.2349226157362616,-16.034691827629356,0.8396530817237065
AMZN,-48.06181777707694,0.5193818222292306,-12.188712720030138,0.8781128727996986,-30.212113652110318,0.6978788634788968,-17.79975967442249,0.8220024032557751,-48.60695284441391,0.5139304715558609
WSPOF,-16.874737205614586,0.8312526279438541,-2.434692382812509,0.9756530761718749,-1.4686862357736419,0.9853131376422636,12.434147130608487,1.1243414713060849,-14.812901474447083,0.8518709852555292
BDX,1.2734447915116132,1.0127344479151161,9.887114985669786,1.0988711498566979,-2.5702960257384944,0.9742970397426151,5.654799514043729,1.0565479951404373,4.679959833449798,1.046799598334498
COWN,7.442969265362942,1.0744296926536294,-0.06469387053960052,0.999353061294604,0.2726651817974268,1.0027266518179743,68.7718666733246,1.687718666733246,8.377773002714829,1.0837777300271483
DXCM,-10.432225823173024,0.8956777417682698,0.5648489000243284,1.0056484890002433,30.77828895188013,1.3077828895188013,63.075086533505576,1.6307508653350558,-17.659313070595218,0.8234068692940478
EXR,-28.303610026464664,0.7169638997353533,-0.726336854654086,0.9927366314534591,-19.187664434045626,0.8081233556595437,-2.674927135739169,0.9732507286426083,-24.689766844160687,0.7531023315583931
GM,-36.87264535824231,0.6312735464175769,-6.091919548848956,0.9390808045115104,-4.724888128563864,0.9527511187143614,12.975428126662237,1.1297542812666224,-38.90997905748672,0.6109002094251328
TMO,-12.180579724217466,0.8781942027578253,5.139414482627114,1.0513941448262711,1.169122722397753,1.0116912272239775,10.025056237808027,1.1002505623780803,-11.851180273288852,0.8814881972671115
OXY,106.97039525901656,2.0697039525901655,-13.514056130089536,0.8648594386991046,-1.6146200411851885,0.9838537995881481,6.644002926204462,1.0664400292620446,108.9210357677763,2.089210357677763
TCYSF,-52.43243243243243,0.4756756756756757,0.8249326658720246,1.0082493266587202,-11.57555971829809,0.8842444028170191,-17.541230328501477,0.8245876967149852,-38.956716312064245,0.6104328368793576
CCI,-32.60903177205336,0.6739096822794663,-0.33601489141351637,0.9966398510858648,-17.22462185486531,0.8277537814513469,-12.637752824566107,0.8736224717543389,-27.54101949493655,0.7245898050506345
MOS,17.118689482967554,1.1711868948296755,-10.835387614135605,0.891646123858644,-10.53031904819498,0.8946968095180502,-12.199218132940171,0.8780078186705983,28.116487600521257,1.2811648760052126
HSY,22.379740789345547,1.2237974078934555,8.027183900193236,1.0802718390019324,6.078919636631319,1.0607891963663132,14.675737230616036,1.1467573723061604,26.77599719024255,1.2677599719024255
JNPR,-8.221157933210865,0.9177884206678913,6.403275786853224,1.0640327578685322,15.820837204869797,1.158208372048698,13.551431776148014,1.1355143177614802,-4.550002602969894,0.9544999739703011
ES,-5.20587852870208,0.9479412147129792,8.195673999248875,1.0819567399924888,-5.745204775708224,0.9425479522429178,4.85231564143247,1.0485231564143247,-3.857532425578891,0.9614246757442111
ADSK,-30.1635420354037,0.698364579645963,-13.400351072186679,0.8659964892781332,-4.89584195427345,0.9510415804572655,12.127209474040246,1.1212720947404025,-26.34200766184073,0.7365799233815927
PCAR,14.590862955367623,1.1459086295536762,-1.1986000039106215,0.9880139999608938,17.813156246742047,1.1781315624674205,18.101340933875232,1.1810134093387523,13.742427736007535,1.1374242773600753
WDC,-45.707571661977894,0.542924283380221,-9.949690141018086,0.9005030985898191,-8.964907307318493,0.9103509269268151,-28.338343098678166,0.7166165690132184,-38.14584615583385,0.6185415384416615
NEE,-6.393192642620393,0.9360680735737961,2.9888435555561976,1.029888435555562,-3.4436164051041884,0.9655638359489581,15.649009608162379,1.1564900960816238,-4.962334723210493,0.9503766527678951
LEG,-18.79243376473142,0.8120756623526858,-7.893286258822796,0.921067137411772,-11.61255682781489,0.8838744317218511,-4.614066943100925,0.9538593305689907,-19.899544179731087,0.8010045582026891
MSFT,-25.093353248693052,0.7490664675130695,1.4730279554278525,1.0147302795542785,-0.492085188353919,0.9950791481164608,-0.4011735497589042,0.995988264502411,-26.79687226459686,0.7320312773540314
CTAS,7.468937863205349,1.0746893786320535,2.6821587189134632,1.0268215871891346,11.532155029052337,1.1153215502905234,28.442402026868095,1.284424020268681,-0.5856685542809603,0.9941433144571904
BIO,-42.97544194302638,0.5702455805697362,-3.7435727673478802,0.9625642723265212,-12.521902282764529,0.8747809771723547,-12.711266133936617,0.8728873386606338,-43.78794960404664,0.5621205039595336
NCTKF,-16.655196977068954,0.8334480302293105,16.666662072859808,1.166666620728598,2.107925862031945,1.0210792586203195,11.61289613739942,1.1161289613739942,-16.655196977068954,0.8334480302293105
UDR,-33.47245833223478,0.6652754166776522,-0.6482227182100009,0.9935177728179,-13.688542225403754,0.8631145777459625,-7.19608814953685,0.9280391185046315,-31.74032589066612,0.6825967410933388
WEC,0.530754662990196,1.005307546629902,3.703700366857987,1.0370370036685799,-6.936420391092446,0.9306357960890755,5.1371368761415015,1.051371368761415,3.3376069802591557,1.0333760698025916
AME,-2.2482047530485993,0.977517952469514,1.1451179459835537,1.0114511794598355,13.947263644143003,1.13947263644143,25.08016028523661,1.250801602852366,-1.61821194997811,0.9838178805002189
ACN,-28.459513902581612,0.7154048609741839,0.42401013542550103,1.004240101354255,3.4811092259849907,1.03481109225985,3.6025480261956844,1.0360254802619568,-23.223696645109293,0.7677630335489071
VRSN,-22.184763713920617,0.7781523628607938,1.9699533749968579,1.0196995337499686,9.751044853583913,1.0975104485358391,19.709535532456112,1.1970953553245611,-19.828363251971627,0.8017163674802837
EW,-41.19136619311393,0.5880863380688607,1.1051532905276495,1.0110515329052765,-19.945906394416724,0.8005409360558328,-14.986483992021016,0.8501351600797898,-38.054004643260676,0.6194599535673933
CMG,-8.911853882127819,0.9108814611787218,2.233878246054566,1.0223387824605457,-9.468217055598661,0.9053178294440134,21.62759512447621,1.216275951244762,-10.537935508384122,0.8946206449161588
AWK,-14.904416289996213,0.8509558371000379,7.369470126691646,1.0736947012669165,2.99395816540291,1.029939581654029,16.053179059318623,1.1605317905931862,-11.039509556494554,0.8896049044350545
COO,-25.323769711289668,0.7467623028871033,-2.9245854880789346,0.9707541451192107,3.0320332194870625,1.0303203321948706,-0.16014615610998595,0.9983985384389001,-21.208518435610145,0.7879148156438985
SHW,-26.32991111458275,0.7367008888541725,5.306860582690964,1.0530686058269096,8.217101780537961,1.0821710178053796,9.100832279997784,1.0910083227999778,-27.89066328212747,0.7210933671787253
AMAT,-32.720563120231205,0.672794368797688,-2.650864324197022,0.9734913567580298,19.039715898530662,1.1903971589853066,10.449600181188323,1.1044960018118832,-29.548876131658584,0.7045112386834141
MLM,-19.562197437972173,0.8043780256202783,-2.501448824518404,0.974985511754816,3.98409850887127,1.0398409850887127,10.89024692931555,1.1089024692931555,-19.62810187149291,0.8037189812850709
AVY,-16.31326777094141,0.8368673222905859,-4.030900064353693,0.9596909993564631,-4.467428430065013,0.9553257156993499,9.509616067665295,1.095096160676653,-17.0295846693056,0.829704153306944
AAP,-38.985555382418966,0.6101444461758103,-22.49047604818729,0.7750952395181271,-16.409188398941353,0.8359081160105865,-16.147189708938747,0.8385281029106125,-39.814195441802156,0.6018580455819784
ATVI,10.619999787255097,1.106199997872551,0.5934751079424538,1.0059347510794245,-2.840021162723272,0.9715997883727673,-1.0218933757919824,0.9897810662420802,27.26963101200537,1.2726963101200537
EA,-8.291956328315763,0.9170804367168424,-5.692291270677052,0.9430770872932295,-3.0017981907588975,0.969982018092411,-4.254984221212066,0.9574501577878793,-1.496336566818579,0.9850366343318142
SPG,-27.217719308916788,0.7278228069108321,-2.9367711055906964,0.970632288944093,16.193600153180565,1.1619360015318057,19.661536583533668,1.1966153658353367,-23.454927456680576,0.7654507254331943
AMD,-53.81722603878133,0.4618277396121867,-4.124637967479616,0.9587536203252038,-9.924700459843617,0.9007529954015638,-22.301232066010922,0.7769876793398908,-49.9206058405423,0.500793941594577
URI,7.772798376137069,1.0777279837613707,2.012538670072739,1.0201253867007274,20.928489530639105,1.209284895306391,33.98255669521559,1.339825566952156,2.4524880938363136,1.0245248809383631
WHR,-38.02105371939709,0.6197894628060291,-7.890532368794934,0.9210946763120507,-1.6334668486093329,0.9836653315139067,-7.262730104583337,0.9273726989541666,-37.30165331962078,0.6269834668037921
WRK,-17.92260333802854,0.8207739666197146,-3.6909171409461816,0.9630908285905382,-7.780323495624297,0.922196765043757,-16.428573312062444,0.8357142668793756,-16.850065690277884,0.8314993430972212
RLI,13.966577376415534,1.1396657737641553,1.0778258100033966,1.010778258100034,14.787148064910616,1.1478714806491062,14.580903524312872,1.1458090352431287,15.212289459374318,1.1521228945937432
BIIB,17.19915032282271,1.171991503228227,-1.1470054186227152,0.9885299458137728,40.32171043307245,1.4032171043307244,45.05222186493414,1.4505222186493414,23.00318583476375,1.2300318583476375
CHRW,-11.019461743748638,0.8898053825625136,-2.2898432231667765,0.9771015677683322,-12.765760252614344,0.8723423974738566,-6.912931254228372,0.9308706874577163,-8.29989977584007,0.9170010022415993
ROP,-8.848979655826072,0.9115102034417393,-1.2364228239969188,0.9876357717600308,9.557908679874805,1.095579086798748,12.653848505566945,1.1265384850556694,-8.550549161037369,0.9144945083896263
IDXX,-33.23243830710702,0.6676756169289298,-4.523305901607488,0.9547669409839251,20.226580590774624,1.2022658059077462,26.163380990127894,1.261633809901279,-30.694196308894306,0.6930580369110569
HES,74.07214035065408,1.7407214035065408,-8.181071240767611,0.9181892875923239,8.059823336030236,1.0805982333603024,14.091835089431148,1.1409183508943115,68.86052549910077,1.6886052549910078
HD,-20.76889746291275,0.7923110253708725,2.8037043575969367,1.0280370435759694,16.493360754830523,1.1649336075483052,15.743744431303153,1.1574374443130315,-22.05825860114149,0.7794174139885851
ALB,10.013942253603304,1.100139422536033,-19.979718725813754,0.8002028127418624,-12.653897039183693,0.8734610296081631,21.05727771088086,1.2105727771088086,-0.9510404559050167,0.9904895954409498
DG,4.276374854308318,1.0427637485430832,-1.4409554253373646,0.9855904457466264,2.1720139728425014,1.021720139728425,5.726589042737484,1.0572658904273748,10.409177064118325,1.1040917706411832
TYL,-37.23584540074414,0.6276415459925586,1.287706288157553,1.0128770628815755,-9.811825009111907,0.9018817499088809,3.3053759054857412,1.0330537590548574,-36.167197787528984,0.6383280221247102
CAG,12.16970138179172,1.1216970138179172,10.546875905452469,1.1054687590545247,13.536404453571006,1.13536404453571,19.46529824241221,1.194652982424122,19.092891678300216,1.1909289167830022
SCHW,-6.640624478737378,0.9335937552126262,2.1758573478487753,1.0217585734784878,9.75326359261144,1.0975326359261144,30.16583421589425,1.3016583421589425,-0.9219095900198759,0.9907809040998012
HPE,0.34077018126195124,1.0034077018126195,5.918899510981501,1.059188995109815,22.875563883442783,1.2287556388344278,15.103056475414833,1.1510305647541483,6.476000356389533,1.0647600035638953
DFS,-11.758257771416813,0.8824174222858319,-3.7598790069751753,0.9624012099302482,6.2734749478833285,1.0627347494788333,10.572456806047615,1.1057245680604761,-10.345118222950179,0.8965488177704982
SEE,-22.592760980133665,0.7740723901986634,1.9992048938669127,1.0199920489386691,-1.2267575466954894,0.9877324245330451,-12.497878564497466,0.8750212143550253,-20.84485409046306,0.7915514590953694
HRL,-4.864643471785957,0.9513535652821404,-1.3924046965521075,0.9860759530344789,1.2345755514993284,1.0123457555149933,4.121190273940978,1.0412119027394098,1.608699301014771,1.0160869930101477
SO,2.86783318698296,1.0286783318698296,7.735449293885366,1.0773544929388537,-10.360479367428333,0.8963952063257167,5.34024383577123,1.0534024383577123,7.751994509837212,1.0775199450983721
ZBH,-0.14272450385541813,0.9985727549614458,8.333337734737878,1.0833333773473788,7.551547079295418,1.0755154707929542,17.03281388499862,1.1703281388499862,3.579167544086892,1.035791675440869
FN,8.264182741950288,1.0826418274195029,4.247741809022276,1.0424774180902228,30.485141867458232,1.3048514186745823,64.10160290439497,1.6410160290439497,15.211114598588725,1.1521111459858873
AMP,5.99486940410785,1.0599486940410785,-2.6150512037514617,0.9738494879624854,16.12415331357799,1.16124153313578,30.842261274823322,1.3084226127482332,8.290521689604645,1.0829052168960465
PNW,11.634908497007102,1.116349084970071,8.752099840702844,1.0875209984070284,3.783141040136395,1.037831410401364,13.970162326639413,1.1397016232663941,17.546778963498166,1.1754677896349817
ICE,-22.474801353800345,0.7752519864619966,-0.45532829324256285,0.9954467170675744,3.9905874083666637,1.0399058740836666,8.590404897236947,1.0859040489723695,-23.38423611879611,0.7661576388120389
BEN,-20.038909683930463,0.7996109031606954,-2.2502735925173267,0.9774972640748267,8.42126953871265,1.0842126953871265,12.342301855317594,1.123423018553176,-21.541848014167144,0.7845815198583286
BHI,,,,,,,,,,
EMN,-28.441857960096407,0.7155814203990359,-4.341261146022212,0.9565873885397779,1.777437564776374,1.0177743756477637,-9.93687468866371,0.9006312531133629,-27.020459394906414,0.7297954060509358
ROK,-23.688391505500594,0.763116084944994,-5.238908579028678,0.9476109142097132,4.680752622313578,1.0468075262231358,26.033262467935113,1.2603326246793511,-26.078028354261505,0.7392197164573849
SEGXF,-50.15384478446765,0.4984615521553235,-5.631067116171328,0.9436893288382867,-10.083257264355773,0.8991674273564423,-15.771227910229335,0.8422877208977066,-47.459458016060495,0.525405419839395
NMHLY,90.47618878671706,1.9047618878671706,0.0,1.0,0.0,1.0,0.0,1.0,-80.0000007450581,0.19999999254941891
FIS,-37.851244087771796,0.621487559122282,8.218654242497392,1.082186542424974,-20.73580378520157,0.7926419621479843,-25.866763778221248,0.7413323622177875,-32.27272581255607,0.6772727418744393
RF,-1.7865050078628597,0.9821349499213714,-4.891074178670884,0.9510892582132912,2.6983352224999813,1.0269833522249998,14.886482733819273,1.1488648273381927,0.15744421112386942,1.0015744421112387
MAR,-1.1134140122431524,0.9888658598775685,-1.034920062317124,0.9896507993768288,2.6634163294939617,1.0266341632949396,4.706074624348444,1.0470607462434844,0.7928668457375387,1.0079286684573754
XYL,-4.84130089107725,0.9515869910892275,0.027882967829073735,1.0002788296782907,18.684380451166515,1.1868438045116652,45.4951043136369,1.454951043136369,-9.421009736672803,0.905789902633272
CMI,9.083042204839087,1.0908304220483909,-3.5056602379146318,0.9649433976208537,12.596393392659987,1.1259639339265999,20.240006435721327,1.2024000643572132,9.798255166964465,1.0979825516696446
PLD,-29.30260391383791,0.7069739608616209,0.38750072184599027,1.00387500721846,-6.795650684016563,0.9320434931598344,1.2946437923149867,1.0129464379231499,-26.71611736913081,0.7328388263086919
BSX,8.48794048718251,1.084879404871825,10.018810620109896,1.100188106201099,10.905638788145389,1.1090563878814539,29.836248582325897,1.298362485823259,13.626429098515747,1.1362642909851575
FBHS,-41.88401366658052,0.5811598633341948,-9.546465678729088,0.9045353432127091,-0.47447170467601607,0.9952552829532398,-2.0766212540418327,0.9792337874595817,-42.43943825189837,0.5756056174810162
ITW,-9.171185404505477,0.9082881459549452,-2.3318460230916216,0.9766815397690838,10.337774773169883,1.1033777477316988,18.636333647278658,1.1863633364727866,-8.905552578774278,0.9109444742122572
FRMC,0.0,1.0,0.0,1.0,0.0,1.0,0.0,1.0,0.0,1.0
PVH,-31.99481980497042,0.6800518019502958,19.086193367321957,1.1908619336732196,28.249866059598872,1.2824986605959887,15.930596578926636,1.1593059657892664,-27.721508274768027,0.7227849172523197
KMB,-4.725125376407768,0.9527487462359223,6.473126871356727,1.0647312687135673,9.647700877435827,1.0964770087743583,10.856950321492874,1.1085695032149288,-0.2719264761226414,0.9972807352387736
EL,-34.74844323597911,0.6525155676402089,5.87152476768491,1.058715247676849,-1.4841390651449848,0.9851586093485502,-0.6169792818879305,0.9938302071811207,-33.14148556311469,0.6685851443688531
PM,6.497433796295904,1.064974337962959,7.917852896036415,1.0791785289603641,8.434376290483092,1.084343762904831,3.8081640348582857,1.0380816403485829,13.22744992404925,1.1322744992404925
MCO,-24.646108982895633,0.7535389101710437,-6.869223075564657,0.9313077692443534,-0.5710170654268265,0.9942898293457317,10.198246757492635,1.1019824675749263,-27.328727141931175,0.7267127285806882
CLX,-15.314694110681138,0.8468530588931886,4.390103281494384,1.0439010328149438,2.8749995761447433,1.0287499957614474,20.311867696022578,1.2031186769602258,-12.098735855537935,0.8790126414446207
HRB,69.91403112155845,1.6991403112155845,2.56979755241038,1.0256979755241038,-7.3850990536112215,0.9261490094638878,22.016454329765445,1.2201645432976544,75.88982055324908,1.7588982055324909
DGX,-9.59537796580806,0.9040462203419194,-1.622192258521049,0.9837780774147895,17.995555901856598,1.179955559018566,15.37506075434203,1.1537506075434203,-7.172307823718748,0.9282769217628125
HII,25.731032091767283,1.2573103209176728,2.781440276001823,1.0278144027600182,2.014920193316594,1.020149201933166,13.730736492722006,1.13730736492722,25.778352490578627,1.2577835249057863
LDOS,18.319294971607004,1.18319294971607,3.303347848961624,1.0330334784896162,15.142855168674195,1.151428551686742,8.103044011774884,1.0810304401177488,21.220204334414138,1.2122020433441414
ALGN,-69.79631134984565,0.30203688650154353,-10.615122646229992,0.8938487735377001,-20.774304806697707,0.7922569519330229,-19.70834293605943,0.8029165706394057,-70.70361581140527,0.29296384188594726
NFLX,-47.79617177753642,0.5220382822246358,7.486299539916996,1.07486299539917,42.965203833857224,1.4296520383385722,73.14419246389836,1.7314419246389836,-49.01578985129578,0.5098421014870422
FITB,-26.012982780829873,0.7398701721917013,-10.312074340326493,0.8968792565967351,-5.5174394809394345,0.9448256051906057,-4.837317383585549,0.9516268261641445,-24.474404696680562,0.7552559530331944
WST,-46.53525374887755,0.5346474625112245,-4.989435053245539,0.9501056494675446,-18.620285835628636,0.8137971416437136,-17.758462998030566,0.8224153700196943,-44.757513354489696,0.552424866455103
GWW,14.894156882838217,1.1489415688283822,-0.056266977912788896,0.9994373302208721,5.212236696549399,1.052122366965494,23.91451517073162,1.2391451517073162,14.118017782622537,1.1411801778262254
NTRS,-26.785414266020002,0.7321458573398,-6.019351383806503,0.939806486161935,-6.92995725449782,0.9307004274550218,-5.2637179427199925,0.9473628205728001,-25.331640147080027,0.7466835985291997
AOS,-30.89027009809574,0.6910972990190426,-3.741664886474605,0.962583351135254,6.598377155413071,1.0659837715541307,3.0603142836721497,1.0306031428367215,-30.939850574065662,0.6906014942593434
JPM,-17.489177064331606,0.8251082293566839,-1.3895083816763298,0.9861049161832367,14.631840251398343,1.1463184025139834,15.605228260424052,1.1560522826042405,-16.518588377809973,0.8348141162219003
ABT,-21.82824533245539,0.7817175466754461,4.4192585890610925,1.044192585890611,2.692749624080726,1.0269274962408073,3.7118313705842843,1.0371183137058428,-19.111404040303114,0.8088859595969689
OMC,3.4104808408131904,1.034104808408132,-1.4191697120427782,0.9858083028795722,10.899857721207319,1.1089985772120732,16.781298037171233,1.1678129803717123,7.756310415957457,1.0775631041595746
TSCO,-9.034022594038149,0.9096597740596185,2.5711551884882056,1.025711551884882,10.750995493924576,1.1075099549392458,9.327995571037984,1.0932799557103798,-8.486618033386861,0.9151338196661314
PH,-7.971519759938683,0.9202848024006132,-5.755585229955395,0.942444147700446,7.595826132906369,1.0759582613290637,14.137134589901246,1.1413713458990125,-8.81698045431989,0.9118301954568011
HST,1.6704421225528732,1.0167044212255287,-3.2596959032596073,0.9674030409674039,0.4194673739360333,1.0041946737393603,1.9591101726123439,1.0195911017261234,7.967533552649764,1.0796753355264976
JBHT,-9.98811138916219,0.9001188861083781,-2.0064732163800225,0.9799352678361998,6.245609751918857,1.0624560975191886,12.481418938866117,1.1248141893886612,-8.501211266298148,0.9149878873370185
COP,51.28101335573303,1.5128101335573303,-16.69155503067875,0.8330844496932125,-0.6498738939143878,0.9935012610608561,2.07627970826727,1.0207627970826727,51.85739790195279,1.5185739790195278
CNC,4.8517871290962855,1.0485178712909629,5.592791500369199,1.055927915003692,-3.743191339421026,0.9625680866057897,11.877103907016329,1.1187710390701633,10.46527346493562,1.1046527346493562
TXT,-6.130459654552512,0.9386954034544749,1.1004605515187116,1.0110046055151871,13.224842195457388,1.1322484219545739,16.824263912373148,1.1682426391237315,-4.97281503499546,0.9502718496500454
AKAM,-23.512896247572858,0.7648710375242714,-3.7171947267520267,0.9628280527324797,0.2453642452856286,1.0024536424528563,-1.2741692118233838,0.9872583078817662,-20.467219224480615,0.7953278077551938
ROL,14.434531276999497,1.144345312769995,-7.549890305670159,0.9245010969432984,7.013638843194392,1.070136388431944,17.33292714626773,1.1733292714626773,20.495145555626614,1.2049514555562661
WRB,35.241818058653294,1.352418180586533,5.00932050271119,1.050093205027112,9.809649354314477,1.0980964935431448,9.334423301019502,1.093344233010195,35.776502284506016,1.3577650228450602
RSNHF,-6.1855670736578166,0.9381443292634218,0.0,1.0,-4.712037473409614,0.9528796252659039,-10.123458432635157,0.8987654156736484,-10.565111759729383,0.8943488824027062
PAYX,-10.233434185111312,0.8976656581488869,-0.21898965785498437,0.9978101034214502,-1.0935444499092672,0.9890645555009073,2.3696531332394466,1.0236965313323945,-2.820923342791115,0.9717907665720888
ALK,-16.275197497186067,0.8372480250281393,-4.190475221664192,0.9580952477833581,0.7343165134378937,1.007343165134379,9.932006125006843,1.0993200612500684,-12.386293667469428,0.8761370633253057
CUK,-58.886617864648194,0.4111338213535181,-13.16073577975988,0.8683926422024012,-11.343609489269602,0.886563905107304,-10.555553436279297,0.894444465637207,-54.596726460380395,0.45403273539619604
ILMN,-45.726885981063994,0.5427311401893601,-14.843041099095455,0.8515695890090454,3.8117777133395148,1.0381177771333951,6.755152353051308,1.067551523530513,-44.80668247955085,0.5519331752044915
AAL,-25.86666870117188,0.7413333129882812,-6.586024787456579,0.9341397521254342,1.6081820792888113,1.0160818207928881,4.432751166889615,1.0443275116688961,-22.820658290500962,0.7717934170949904
MRCR,30.84111285320068,1.3084111285320068,9.37500058207663,1.0937500058207663,11.11111005988279,1.111111100598828,10.236220250711225,1.1023622025071123,55.55555702727521,1.5555555702727522
MAA,-28.866142371995686,0.7113385762800432,0.3587452911288924,1.003587452911289,-5.044273008750477,0.9495572699124952,-0.9574582227123596,0.9904254177728764,-25.691784163876584,0.7430821583612341
FMBM,-20.68965517241379,0.7931034482758621,0.3052755948215857,1.0030527559482159,-4.086737118198192,0.9591326288180181,-19.014083419236783,0.8098591658076322,-20.111152245238785,0.7988884775476122
MMC,2.427792658207406,1.024277926582074,2.815118253779114,1.0281511825377911,6.729383402899036,1.0672938340289904,15.432302709532774,1.1543230270953277,-0.296862489269778,0.9970313751073022
STZ-B,,,,,,,,,,
CINF,-6.392010713393925,0.9360798928660607,-3.8241431778698987,0.961758568221301,6.540551599558886,1.0654055159955889,-9.904696836404481,0.9009530316359552,-9.022168970442745,0.9097783102955725
VMC,-12.809038194240063,0.8719096180575994,1.2907898256212968,1.012907898256213,10.760112560371816,1.1076011256037182,19.68967178943537,1.1968967178943537,-11.773582035891927,0.8822641796410807
SRE,23.22145058026517,1.2322145058026517,5.16650876721807,1.0516650876721807,-4.794241265363852,0.9520575873463615,12.366998215520852,1.1236699821552085,28.27509915234232,1.2827509915234232
ORLY,18.615108678693314,1.1861510867869332,1.212606050083842,1.0121260605008384,18.65944096786627,1.1865944096786627,37.809047724822655,1.3780904772482265,20.973957844176393,1.209739578441764
IVZ,-20.330615818888866,0.7966938418111114,-6.145675895069392,0.9385432410493061,12.318400672051721,1.1231840067205172,13.002437387099652,1.1300243738709965,-19.814171155612627,0.8018582884438737
RCL,-29.518743127362658,0.7048125687263734,-2.5820764934217033,0.974179235065783,22.67442486085267,1.2267442486085267,43.53742300803643,1.4353742300803642,-24.543044740790563,0.7545695525920944
COTY,-26.078797117863772,0.7392120288213623,1.5463902322123246,1.0154639023221232,3.8208162848870186,1.0382081628488702,8.093280599111562,1.0809328059911156,-22.364527974416337,0.7763547202558366
SNPS,-7.614232803226695,0.923857671967733,0.6653642517967295,1.0066536425179673,3.0886023569103527,1.0308860235691035,10.013527809601875,1.1001352780960187,-7.930392902241589,0.9206960709775841
GOOG,-36.256886857485206,0.637431131425148,-4.39884703312946,0.9560115296687054,-12.18782583043112,0.8781217416956888,-16.229208111297012,0.8377079188870299,-37.800574019878766,0.6219942598012124
SIVB,-67.29441665379893,0.3270558334620106,-4.477543507172054,0.9552245649282795,-41.49314879621804,0.5850685120378196,-46.28913642261659,0.537108635773834,-68.02619434190076,0.3197380565809924
YUM,-6.013324198698422,0.9398667580130158,4.046059692758064,1.0404605969275806,12.977641535073392,1.129776415350734,14.673820888681943,1.1467382088868194,-4.145804134907438,0.9585419586509256
LYV,-40.15189007323438,0.5984810992676562,-5.4758762912029635,0.9452412370879704,-19.827491147481012,0.8017250885251899,-16.359021983447175,0.8364097801655282,-35.192635898799885,0.6480736410120012
KSS,-46.16781051157566,0.5383218948842434,-14.53730091170411,0.8546269908829589,-7.261987848241058,0.9273801215175894,-37.62561354755071,0.6237438645244929,-48.43508230379127,0.5156491769620873
VFC,-61.95902691113437,0.38040973088865626,-15.89681827475683,0.8410318172524317,-32.87047975046017,0.6712952024953983,-39.95717246801516,0.6004282753198484,-63.09555188645759,0.36904448113542415
UA,-50.52573474617168,0.49474265253828315,9.828000040771334,1.0982800004077133,17.631574902177793,1.176315749021778,1.7064803092291747,1.0170648030922917,-55.43369980860906,0.44566300191390934
VZ,-28.27039919236659,0.7172960080763341,-1.7885054105455933,0.9821149458945441,-9.904187596486713,0.9009581240351329,-23.46897149400615,0.7653102850599385,-25.054786396328588,0.7494521360367141
JCI,-18.103337290490906,0.8189666270950909,-2.1162807534472527,0.9788371924655275,15.139975534299266,1.1513997553429927,30.334937454573275,1.3033493745457327,-18.07236401869029,0.8192763598130971
CDE,-35.98038890278366,0.6401961109721634,-6.714282717023579,0.9328571728297642,8.471764626207579,1.0847176462620758,-5.362317107901127,0.9463768289209887,-36.23046527573016,0.6376953472426984
AMGN,21.489697742838153,1.2148969774283815,-3.373444181107521,0.9662655581889248,21.3986591017977,1.213986591017977,16.90508389451604,1.1690508389451604,30.59177750313711,1.305917775031371
TEL,-24.177641305864228,0.7582235869413577,-1.6404827191847993,0.983595172808152,-3.3689577074397348,0.9663104229256027,1.2222214279329346,1.0122222142793293,-23.875033030101854,0.7612496696989814
JKHY,6.396502169506202,1.063965021695062,4.5733253918956995,1.045733253918957,-5.991759153582954,0.9400824084641705,1.7850152685770615,1.0178501526857706,15.304898085752372,1.1530489808575237
ADP,7.059133327526079,1.0705913332752608,4.8168317737915745,1.0481683177379157,11.135449700004397,1.111354497000044,26.109096330509708,1.261090963305097,10.351451048149872,1.1035145104814987
SONC,,,,,,,,,,
STT,-15.971412992992606,0.8402858700700739,-2.00642059866869,0.9799357940133131,10.030501713361328,1.1003050171336133,24.12417824265831,1.2412417824265831,-15.126728637920184,0.8487327136207982
IFF,-28.202115110540284,0.7179788488945972,6.4899557056510515,1.0648995570565105,-2.1343684203882884,0.9786563157961171,-8.043457733593451,0.9195654226640655,-27.22606987845243,0.7277393012154757
LYB,-12.376562854710327,0.8762343714528967,-8.342690892493554,0.9165730910750645,0.7031824722326219,1.0070318247223262,-15.09257564837554,0.8490742435162446,-9.20921596200628,0.9079078403799372
GIS,28.78382395995056,1.2878382395995056,12.129453393633693,1.121294533936337,16.503032312410525,1.1650303231241053,30.56980332859669,1.305698033285967,33.75540439971947,1.3375540439971947
PHM,-21.162415581375438,0.7883758441862456,-0.3380611106435061,0.9966193888935649,12.806123367501797,1.128061233675018,12.14811280358672,1.1214811280358672,-21.344716719040157,0.7865528328095984
CPB,28.60081811037487,1.2860081811037487,14.866241776238919,1.1486624177623892,18.972084289966062,1.1897208428996606,24.144776639000078,1.2414477663900008,30.359207441196645,1.3035920744119665
SYF,-25.265957446808507,0.7473404255319149,-12.689534179280148,0.8731046582071985,11.155061949294588,1.1115506194929459,15.27732455381219,1.1527732455381219,-26.62418887875868,0.7337581112124132
CHD,-21.123784095708963,0.7887621590429104,7.727940323731386,1.0772794032373139,1.7954586465699585,1.0179545864656996,-1.5644190501581723,0.9843558094984183,-16.12650580835009,0.8387349419164991
SLG,-54.6311199215745,0.45368880078425494,-15.46528685227051,0.8453471314772949,-24.183786753061653,0.7581621324693835,-30.851904437431067,0.6914809556256893,-54.805942554480694,0.4519405744551931
APA,55.84462000903918,1.5584462000903918,-10.315830501322122,0.8968416949867788,11.812832676514851,1.1181283267651485,-4.163930487405942,0.9583606951259406,63.96700193903049,1.6396700193903049
K,13.141620222472095,1.131416202224721,6.088716648083525,1.0608871664808353,3.3323928558616434,1.0333239285586164,7.935098836663679,1.0793509883666368,16.863624326754966,1.1686362432675497
NI,0.236186866380117,1.0023618686638012,6.877178052144006,1.06877178052144,-7.214936060514732,0.9278506393948527,-0.4870138247687339,0.9951298617523127,6.382563670724406,1.063825636707244
NCLH,-29.621282949060202,0.703787170509398,-12.597989231703766,0.8740201076829623,8.402778265284926,1.0840277826528493,33.0775811241097,1.330775811241097,-27.53018109008246,0.7246981890991754
ZION,-25.73163033777055,0.7426836966222945,-13.86531935331824,0.8613468064668176,-16.736475183729603,0.832635248162704,-10.18448786934144,0.8981551213065856,-24.521436836735422,0.7547856316326458
CPICQ,,,,,,,,,,
HBAN,-8.101264034931999,0.91898735965068,-3.0060106963141098,0.9699398930368589,3.5663336924010025,1.03566333692401,15.789477686872821,1.1578947768687282,-4.911591208359656,0.9508840879164034
PRU,-9.088426155552764,0.9091157384444724,-9.327646188815919,0.9067235381118408,4.3219535964920786,1.0432195359649208,5.355827003456115,1.0535582700345612,-6.642377195010074,0.9335762280498993
GPC,30.116733669787088,1.3011673366978709,0.8485021633336975,1.008485021633337,13.63175791217568,1.1363175791217568,35.53088936893809,1.355308893689381,33.10835777157628,1.3310835777157628
FISV,-5.407916322515693,0.9459208367748431,1.3237800486665119,1.0132378004866651,-3.889723554012925,0.9611027644598708,11.293322065373058,1.1129332206537306,-1.3470291275918034,0.986529708724082
WMB,23.471702719634436,1.2347170271963444,-3.990611905168062,0.9600938809483194,-0.21347878276840593,0.9978652121723159,3.0551219549704633,1.0305512195497046,22.82283021904723,1.2282283021904723
DVA,-34.882612217963405,0.651173877820366,4.541028261971958,1.0454102826197196,-18.520324210810468,0.8147967578918953,-16.62229656873594,0.8337770343126406,-28.962288394436765,0.7103771160556324
O,-9.487356099647615,0.9051264390035239,-0.8233358486773423,0.9917666415132266,-2.2227338581189637,0.9777726614188104,-0.5478446608251586,0.9945215533917484,-3.727222371654304,0.962727776283457
BRK-A,2.1163190622936368,1.0211631906229364,-1.094253347745533,0.9890574665225447,10.798767016957257,1.1079876701695726,10.825235905398944,1.1082523590539894,6.646997126436771,1.0664699712643677
TTWO,-43.4606123591834,0.565393876408166,-1.2371632172600844,0.9876283678273992,-20.4967695802061,0.795032304197939,-19.95482111682818,0.8004517888317182,-39.018721685779155,0.6098127831422084
SLB,51.513248466740016,1.5151324846674001,-12.331262968196333,0.8766873703180367,24.9285153321672,1.249285153321672,15.751447118070661,1.1575144711807066,55.08229018472477,1.5508229018472477
APD,6.610659827989007,1.06610659827989,9.327116264401191,1.093271162644012,23.150971091362194,1.231509710913622,31.791967521715357,1.3179196752171536,6.776700090483301,1.067767000904833
NEOG,-65.60739103846173,0.34392608961538274,-6.265358812916877,0.9373464118708312,-7.515150127988868,0.9248484987201113,-33.7098178738946,0.662901821261054,-62.03980114609825,0.3796019885390175
HAS,-41.871390374850684,0.5812860962514932,-6.339694791732031,0.9366030520826797,-25.660283085014314,0.7433971691498569,-27.360570159120833,0.7263942984087917,-41.09303752289405,0.5890696247710595
TMUS,24.24189267656134,1.2424189267656134,-2.7498489673205784,0.9725015103267942,3.2161989974663685,1.0321619899746637,12.369587370469294,1.123695873704693,23.873836653574763,1.2387383665357476
NTAP,-29.84089173823852,0.7015910826176148,-11.809524224728952,0.8819047577527105,-8.781308863153614,0.9121869113684639,-0.9322949831979566,0.9906770501680204,-27.42946717835657,0.7257053282164343
KIM,-11.737185670612682,0.8826281432938732,-2.1866573655474064,0.9781334263445259,1.9501832461835678,1.0195018324618357,12.351114939637009,1.12351114939637,-5.509579442901325,0.9449042055709868
BAX,-39.62242534290338,0.6037757465709662,-4.427843035498025,0.9557215696450198,-9.771202822652803,0.902287971773472,-22.674333853657348,0.7732566614634265,-35.13480043651535,0.6486519956348465
ABMD,3.838487873160057,1.0383848787316006,1.7005845170227296,1.0170058451702273,42.77937805044021,1.427793780504402,63.697007149663555,1.6369700714966355,24.28520328747803,1.2428520328747803
KEYS,-10.628643124291582,0.8937135687570842,5.1922423171665955,1.051922423171666,7.578994096327762,1.0757899409632776,30.80089082147537,1.3080089082147537,-10.270007609361699,0.897299923906383
WYNN,-2.107780044295171,0.9789221995570483,10.182090882541273,1.1018209088254127,37.077214024599314,1.3707721402459931,44.792716461087224,1.4479271646108722,-1.8954140527555507,0.9810458594724445
RHI,-32.2567394148683,0.677432605851317,-8.293137857263977,0.9170686214273602,-5.571829071628375,0.9442817092837162,-9.952635486155714,0.9004736451384429,-32.31858094240674,0.6768141905759326
EFX,-30.03521234216825,0.6996478765783175,2.4279557305564747,1.0242795573055647,3.851980895131768,1.0385198089513177,11.416396225430336,1.1141639622543034,-32.671455599156694,0.673285444008433
PKG,0.21915026194765375,1.0021915026194765,4.197881754344701,1.041978817543447,-2.086659911069766,0.9791334008893023,-8.371254028323538,0.9162874597167646,5.254740349979503,1.052547403499795
CTSH,-34.68236991464908,0.6531763008535092,0.14550308427621061,1.001455030842762,-6.883655318949478,0.9311634468105052,-14.578766399606291,0.8542123360039371,-28.739339640113737,0.7126066035988626
SWK,-57.596945386122144,0.4240305461387786,-6.365796680071567,0.9363420331992843,-9.783731675790108,0.9021626832420989,-26.013515255066366,0.7398648474493363,-59.4777974263969,0.4052220257360311
TRV,19.274481073811224,1.1927448107381122,2.2230829471756364,1.0222308294717564,14.517323927101721,1.1451732392710172,12.220618464905296,1.122206184649053,20.43436257533937,1.2043436257533937
WM,2.070784689342453,1.0207078468934245,5.0265533410244645,1.0502655334102446,-2.9788014155264664,0.9702119858447353,14.235607198211042,1.1423560719821104,0.843855864101184,1.0084385586410118
DOV,-22.38827042102638,0.7761172957897362,-1.7986402853677141,0.9820135971463229,9.126387117506152,1.0912638711750615,11.56295462115251,1.115629546211525,-19.231443577074735,0.8076855642292526
FTI,78.17897308287883,1.7817897308287882,-3.9763056301963973,0.960236943698036,28.684816033839233,1.2868481603383923,60.992908856739334,1.6099290885673934,73.28244352610224,1.7328244352610225
CRM,-47.68456871523043,0.5231543128476958,-15.269759784107428,0.8473024021589257,-15.468058752029922,0.8453194124797008,-20.708987331538854,0.7929101266846115,-49.76318276671678,0.5023681723328322
WAT,-6.854272055016852,0.9314572794498315,2.3353924536564596,1.0233539245365646,13.226424297825034,1.1322642429782503,4.730770331185252,1.0473077033118525,-0.39886948194673977,0.9960113051805326
BWA,-9.72775659158237,0.9027224340841763,-3.854310212418033,0.9614568978758197,7.498685618560619,1.0749868561856062,13.988265061124716,1.1398826506112472,-11.471673285046402,0.885283267149536
NWL,-39.484397353763036,0.6051560264623697,-5.2407916226329565,0.9475920837736704,-22.389789489114886,0.7761021051088511,-28.525637792647352,0.7147436220735265,-40.08060832890378,0.5991939167109622
